Proj_A_version,Proj_A_version_date,Proj_A_dep_declaration_to_Proj_B,Proj_B_dep_publish_date,Major_vers_behind,Newest_major,Minor_vers_behind,Newest_minor,Micro_vers_behind,Newest_micro,NOTAG_Major_vers_behind,NOTAG_Newest_major,NOTAG_Minor_vers_behind,NOTAG_Newest_minor,NOTAG_Micro_vers_behind,NOTAG_Newest_micro
1.8,2014-11-21,,,,,,,,,,,,,,
2.0,2014-11-21,,,,,,,,,,,,,,
2.1,2014-11-21,,,,,,,,,,,,,,
2.2,2014-11-24,,,,,,,,,,,,,,
2.3,2014-11-24,,,,,,,,,,,,,,
2.4,2014-11-24,,,,,,,,,,,,,,
2.5,2014-12-01,,,,,,,,,,,,,,
2.6,2014-12-03,,,,,,,,,,,,,,
2.7,2014-12-05,,,,,,,,,,,,,,
2.8,2014-12-07,,,,,,,,,,,,,,
2.9,2014-12-09,,,,,,,,,,,,,,
2.10,2014-12-15,,,,,,,,,,,,,,
2.11,2014-12-15,,,,,,,,,,,,,,
2.12,2014-12-15,,,,,,,,,,,,,,
2.13,2014-12-15,,,,,,,,,,,,,,
2.14,2015-01-07,,,,,,,,,,,,,,
2.15,2015-04-24,,,,,,,,,,,,,,
2.16,2015-05-24,,,,,,,,,,,,,,
2.17,2015-05-30,3.2.11.RELEASE,2014-09-04,1,4.1.6.RELEASE,0,3.2.13.RELEASE,2,3.2.13.RELEASE,1,4.1.6.RELEASE,0,3.2.13.RELEASE,2,3.2.13.RELEASE
2.18,2015-06-02,3.2.11.RELEASE,2014-09-04,1,4.1.6.RELEASE,0,3.2.13.RELEASE,2,3.2.13.RELEASE,1,4.1.6.RELEASE,0,3.2.13.RELEASE,2,3.2.13.RELEASE
2.19,2015-06-03,3.2.11.RELEASE,2014-09-04,1,4.1.6.RELEASE,0,3.2.13.RELEASE,2,3.2.13.RELEASE,1,4.1.6.RELEASE,0,3.2.13.RELEASE,2,3.2.13.RELEASE
2.20,2015-06-04,3.2.11.RELEASE,2014-09-04,1,4.1.6.RELEASE,0,3.2.13.RELEASE,2,3.2.13.RELEASE,1,4.1.6.RELEASE,0,3.2.13.RELEASE,2,3.2.13.RELEASE
2.21,2015-06-16,3.2.11.RELEASE,2014-09-04,1,4.1.6.RELEASE,0,3.2.13.RELEASE,2,3.2.13.RELEASE,1,4.1.6.RELEASE,0,3.2.13.RELEASE,2,3.2.13.RELEASE
2.22,2015-06-18,3.2.11.RELEASE,2014-09-04,1,4.1.6.RELEASE,0,3.2.13.RELEASE,2,3.2.13.RELEASE,1,4.1.6.RELEASE,0,3.2.13.RELEASE,2,3.2.13.RELEASE
2.23,2015-07-01,3.2.11.RELEASE,2014-09-04,1,4.1.7.RELEASE,0,3.2.14.RELEASE,3,3.2.14.RELEASE,1,4.1.7.RELEASE,0,3.2.14.RELEASE,3,3.2.14.RELEASE
2.24,2015-07-05,3.2.11.RELEASE,2014-09-04,1,4.1.7.RELEASE,0,3.2.14.RELEASE,3,3.2.14.RELEASE,1,4.1.7.RELEASE,0,3.2.14.RELEASE,3,3.2.14.RELEASE
2.25,2015-07-06,3.2.11.RELEASE,2014-09-04,1,4.1.7.RELEASE,0,3.2.14.RELEASE,3,3.2.14.RELEASE,1,4.1.7.RELEASE,0,3.2.14.RELEASE,3,3.2.14.RELEASE
2.26,2015-07-07,3.2.11.RELEASE,2014-09-04,1,4.1.7.RELEASE,0,3.2.14.RELEASE,3,3.2.14.RELEASE,1,4.1.7.RELEASE,0,3.2.14.RELEASE,3,3.2.14.RELEASE
2.27,2015-07-11,3.2.11.RELEASE,2014-09-04,1,4.1.7.RELEASE,0,3.2.14.RELEASE,3,3.2.14.RELEASE,1,4.1.7.RELEASE,0,3.2.14.RELEASE,3,3.2.14.RELEASE
2.3.0,2015-07-13,3.2.11.RELEASE,2014-09-04,1,4.1.7.RELEASE,0,3.2.14.RELEASE,3,3.2.14.RELEASE,1,4.1.7.RELEASE,0,3.2.14.RELEASE,3,3.2.14.RELEASE
3.0.1,2015-07-14,3.2.11.RELEASE,2014-09-04,1,4.1.7.RELEASE,0,3.2.14.RELEASE,3,3.2.14.RELEASE,1,4.1.7.RELEASE,0,3.2.14.RELEASE,3,3.2.14.RELEASE
3.0.2,2015-07-18,3.2.11.RELEASE,2014-09-04,1,4.1.7.RELEASE,0,3.2.14.RELEASE,3,3.2.14.RELEASE,1,4.1.7.RELEASE,0,3.2.14.RELEASE,3,3.2.14.RELEASE
3.0.4,2015-08-08,3.2.11.RELEASE,2014-09-04,1,4.2.0.RELEASE,0,3.2.14.RELEASE,3,3.2.14.RELEASE,1,4.2.0.RELEASE,0,3.2.14.RELEASE,3,3.2.14.RELEASE
3.0.5,2015-08-10,3.2.11.RELEASE,2014-09-04,1,4.2.0.RELEASE,0,3.2.14.RELEASE,3,3.2.14.RELEASE,1,4.2.0.RELEASE,0,3.2.14.RELEASE,3,3.2.14.RELEASE
3.0.6,2015-08-18,3.2.11.RELEASE,2014-09-04,1,4.2.0.RELEASE,0,3.2.14.RELEASE,3,3.2.14.RELEASE,1,4.2.0.RELEASE,0,3.2.14.RELEASE,3,3.2.14.RELEASE
3.0.7,2015-08-19,3.2.11.RELEASE,2014-09-04,1,4.2.0.RELEASE,0,3.2.14.RELEASE,3,3.2.14.RELEASE,1,4.2.0.RELEASE,0,3.2.14.RELEASE,3,3.2.14.RELEASE
3.0.8,2015-08-25,3.2.11.RELEASE,2014-09-04,1,4.2.0.RELEASE,0,3.2.14.RELEASE,3,3.2.14.RELEASE,1,4.2.0.RELEASE,0,3.2.14.RELEASE,3,3.2.14.RELEASE
3.0.9,2015-08-25,3.2.11.RELEASE,2014-09-04,1,4.2.0.RELEASE,0,3.2.14.RELEASE,3,3.2.14.RELEASE,1,4.2.0.RELEASE,0,3.2.14.RELEASE,3,3.2.14.RELEASE
3.0.11,2015-08-26,3.2.11.RELEASE,2014-09-04,1,4.2.0.RELEASE,0,3.2.14.RELEASE,3,3.2.14.RELEASE,1,4.2.0.RELEASE,0,3.2.14.RELEASE,3,3.2.14.RELEASE
3.0.12,2015-09-07,3.2.11.RELEASE,2014-09-04,1,4.2.1.RELEASE,0,3.2.14.RELEASE,3,3.2.14.RELEASE,1,4.2.1.RELEASE,0,3.2.14.RELEASE,3,3.2.14.RELEASE
3.1.0,2015-09-08,3.2.11.RELEASE,2014-09-04,1,4.2.1.RELEASE,0,3.2.14.RELEASE,3,3.2.14.RELEASE,1,4.2.1.RELEASE,0,3.2.14.RELEASE,3,3.2.14.RELEASE
3.1.1,2015-09-08,3.2.11.RELEASE,2014-09-04,1,4.2.1.RELEASE,0,3.2.14.RELEASE,3,3.2.14.RELEASE,1,4.2.1.RELEASE,0,3.2.14.RELEASE,3,3.2.14.RELEASE
3.1.2,2015-09-09,3.2.11.RELEASE,2014-09-04,1,4.2.1.RELEASE,0,3.2.14.RELEASE,3,3.2.14.RELEASE,1,4.2.1.RELEASE,0,3.2.14.RELEASE,3,3.2.14.RELEASE
3.1.3,2015-09-15,3.2.11.RELEASE,2014-09-04,1,4.2.1.RELEASE,0,3.2.14.RELEASE,3,3.2.14.RELEASE,1,4.2.1.RELEASE,0,3.2.14.RELEASE,3,3.2.14.RELEASE
3.1.6,2015-09-17,3.2.11.RELEASE,2014-09-04,1,4.2.1.RELEASE,0,3.2.14.RELEASE,3,3.2.14.RELEASE,1,4.2.1.RELEASE,0,3.2.14.RELEASE,3,3.2.14.RELEASE
3.1.7,2015-09-17,3.2.11.RELEASE,2014-09-04,1,4.2.1.RELEASE,0,3.2.14.RELEASE,3,3.2.14.RELEASE,1,4.2.1.RELEASE,0,3.2.14.RELEASE,3,3.2.14.RELEASE
3.1.8,2015-09-21,3.2.11.RELEASE,2014-09-04,1,4.2.1.RELEASE,0,3.2.14.RELEASE,3,3.2.14.RELEASE,1,4.2.1.RELEASE,0,3.2.14.RELEASE,3,3.2.14.RELEASE
3.1.9,2015-09-21,3.2.11.RELEASE,2014-09-04,1,4.2.1.RELEASE,0,3.2.14.RELEASE,3,3.2.14.RELEASE,1,4.2.1.RELEASE,0,3.2.14.RELEASE,3,3.2.14.RELEASE
3.2.0,2015-10-26,3.2.11.RELEASE,2014-09-04,1,4.2.2.RELEASE,0,3.2.15.RELEASE,4,3.2.15.RELEASE,1,4.2.2.RELEASE,0,3.2.15.RELEASE,4,3.2.15.RELEASE
3.2.1,2015-10-27,3.2.11.RELEASE,2014-09-04,1,4.2.2.RELEASE,0,3.2.15.RELEASE,4,3.2.15.RELEASE,1,4.2.2.RELEASE,0,3.2.15.RELEASE,4,3.2.15.RELEASE
3.2.2,2015-10-27,3.2.11.RELEASE,2014-09-04,1,4.2.2.RELEASE,0,3.2.15.RELEASE,4,3.2.15.RELEASE,1,4.2.2.RELEASE,0,3.2.15.RELEASE,4,3.2.15.RELEASE
3.2.3,2015-10-31,3.2.11.RELEASE,2014-09-04,1,4.2.2.RELEASE,0,3.2.15.RELEASE,4,3.2.15.RELEASE,1,4.2.2.RELEASE,0,3.2.15.RELEASE,4,3.2.15.RELEASE
3.2.4,2015-11-08,3.2.11.RELEASE,2014-09-04,1,4.2.2.RELEASE,0,3.2.15.RELEASE,4,3.2.15.RELEASE,1,4.2.2.RELEASE,0,3.2.15.RELEASE,4,3.2.15.RELEASE
3.2.5,2015-11-18,3.2.11.RELEASE,2014-09-04,1,4.2.3.RELEASE,0,3.2.15.RELEASE,4,3.2.15.RELEASE,1,4.2.3.RELEASE,0,3.2.15.RELEASE,4,3.2.15.RELEASE
3.2.6,2015-11-19,3.2.11.RELEASE,2014-09-04,1,4.2.3.RELEASE,0,3.2.15.RELEASE,4,3.2.15.RELEASE,1,4.2.3.RELEASE,0,3.2.15.RELEASE,4,3.2.15.RELEASE
3.2.7,2015-11-25,3.2.11.RELEASE,2014-09-04,1,4.2.3.RELEASE,0,3.2.15.RELEASE,4,3.2.15.RELEASE,1,4.2.3.RELEASE,0,3.2.15.RELEASE,4,3.2.15.RELEASE
3.2.8,2015-12-06,3.2.11.RELEASE,2014-09-04,1,4.2.3.RELEASE,0,3.2.15.RELEASE,4,3.2.15.RELEASE,1,4.2.3.RELEASE,0,3.2.15.RELEASE,4,3.2.15.RELEASE
3.2.9,2015-12-07,3.2.11.RELEASE,2014-09-04,1,4.2.3.RELEASE,0,3.2.15.RELEASE,4,3.2.15.RELEASE,1,4.2.3.RELEASE,0,3.2.15.RELEASE,4,3.2.15.RELEASE
3.3.0,2015-12-17,3.2.11.RELEASE,2014-09-04,1,4.2.4.RELEASE,0,3.2.16.RELEASE,5,3.2.16.RELEASE,1,4.2.4.RELEASE,0,3.2.16.RELEASE,5,3.2.16.RELEASE
3.3.1,2015-12-21,3.2.11.RELEASE,2014-09-04,1,4.2.4.RELEASE,0,3.2.16.RELEASE,5,3.2.16.RELEASE,1,4.2.4.RELEASE,0,3.2.16.RELEASE,5,3.2.16.RELEASE
3.3.2,2015-12-25,3.2.11.RELEASE,2014-09-04,1,4.2.4.RELEASE,0,3.2.16.RELEASE,5,3.2.16.RELEASE,1,4.2.4.RELEASE,0,3.2.16.RELEASE,5,3.2.16.RELEASE
3.4.0,2016-01-14,3.2.11.RELEASE,2014-09-04,1,4.2.4.RELEASE,0,3.2.16.RELEASE,5,3.2.16.RELEASE,1,4.2.4.RELEASE,0,3.2.16.RELEASE,5,3.2.16.RELEASE
3.4.1,2016-04-01,3.2.11.RELEASE,2014-09-04,1,4.2.5.RELEASE,0,3.2.16.RELEASE,5,3.2.16.RELEASE,1,4.2.5.RELEASE,0,3.2.16.RELEASE,5,3.2.16.RELEASE
3.4.2,2016-08-24,,,,,,,,,,,,,,
3.4.3,2016-09-12,,,,,,,,,,,,,,
3.4.4,2016-09-19,,,,,,,,,,,,,,
3.4.5,2016-10-15,,,,,,,,,,,,,,
3.5.0,2016-10-31,,,,,,,,,,,,,,
3.5.1,2016-12-27,,,,,,,,,,,,,,
3.5.3,2017-01-18,,,,,,,,,,,,,,
3.5.4,2017-02-20,,,,,,,,,,,,,,
3.5.5,2017-03-08,,,,,,,,,,,,,,
3.5.6,2017-03-14,,,,,,,,,,,,,,
3.5.7,2017-07-20,,,,,,,,,,,,,,
3.5.8,2017-08-24,,,,,,,,,,,,,,
3.5.9,2017-08-29,,,,,,,,,,,,,,
3.5.10,2018-04-25,,,,,,,,,,,,,,
3.5.11,2018-05-07,,,,,,,,,,,,,,
3.5.12,2018-06-07,,,,,,,,,,,,,,
3.5.13,2018-06-20,,,,,,,,,,,,,,



ProjBVersion,ProjBDate
1.2.1,2005-12-23
1.2.2,2005-12-23
1.2.3,2005-12-23
1.2.4,2005-12-23
1.2.5,2005-12-23
3.2.0.RELEASE,2012-12-13
3.2.1.RELEASE,2013-01-24
3.2.2.RELEASE,2013-03-13
3.2.3.RELEASE,2013-05-20
3.2.4.RELEASE,2013-08-06
3.2.5.RELEASE,2013-11-06
4.0.0.RELEASE,2013-12-12
3.2.6.RELEASE,2013-12-12
4.0.1.RELEASE,2014-01-28
3.2.7.RELEASE,2014-01-28
4.0.2.RELEASE,2014-02-19
3.2.8.RELEASE,2014-02-19
4.0.3.RELEASE,2014-03-27
4.0.4.RELEASE,2014-04-30
3.2.9.RELEASE,2014-05-20
4.0.5.RELEASE,2014-05-20
4.0.6.RELEASE,2014-07-08
3.2.10.RELEASE,2014-07-15
4.0.7.RELEASE,2014-09-04
4.1.0.RELEASE,2014-09-04
3.2.11.RELEASE,2014-09-04
4.1.1.RELEASE,2014-10-01
4.0.8.RELEASE,2014-11-11
4.1.2.RELEASE,2014-11-11
3.2.12.RELEASE,2014-11-11
4.1.3.RELEASE,2014-12-09
4.1.4.RELEASE,2014-12-30
4.0.9.RELEASE,2014-12-30
3.2.13.RELEASE,2014-12-30
4.1.5.RELEASE,2015-02-20
4.1.6.RELEASE,2015-03-25
4.1.7.RELEASE,2015-06-30
3.2.14.RELEASE,2015-06-30
4.2.0.RELEASE,2015-07-31
4.2.1.RELEASE,2015-09-01
3.2.15.RELEASE,2015-10-15
4.1.8.RELEASE,2015-10-15
4.2.2.RELEASE,2015-10-15
4.2.3.RELEASE,2015-11-15
4.1.9.RELEASE,2015-12-17
4.2.4.RELEASE,2015-12-17
3.2.16.RELEASE,2015-12-17
4.2.5.RELEASE,2016-02-25
4.2.6.RELEASE,2016-05-06
3.2.17.RELEASE,2016-05-06
4.3.0.RELEASE,2016-06-10
4.3.1.RELEASE,2016-07-04
4.2.7.RELEASE,2016-07-04
4.3.2.RELEASE,2016-07-28
4.2.8.RELEASE,2016-09-19
4.3.3.RELEASE,2016-09-19
4.3.4.RELEASE,2016-11-07
4.3.5.RELEASE,2016-12-21
4.2.9.RELEASE,2016-12-21
3.2.18.RELEASE,2016-12-21
4.3.6.RELEASE,2017-01-25
4.3.7.RELEASE,2017-03-01
4.3.8.RELEASE,2017-04-18
4.3.9.RELEASE,2017-06-07
4.3.10.RELEASE,2017-07-20
4.3.11.RELEASE,2017-09-11
