Proj_A_version,Proj_A_version_date,Proj_A_dep_declaration_to_Proj_B,Proj_B_dep_publish_date,Major_vers_behind,Newest_major,Minor_vers_behind,Newest_minor,Micro_vers_behind,Newest_micro,NOTAG_Major_vers_behind,NOTAG_Newest_major,NOTAG_Minor_vers_behind,NOTAG_Newest_minor,NOTAG_Micro_vers_behind,NOTAG_Newest_micro
0.62,2015-08-05,,,,,,,,,,,,,,
0.63,2015-10-20,4.2.2.RELEASE,2015-10-15,0,4.2.2.RELEASE,0,4.2.2.RELEASE,0,4.2.2.RELEASE,0,4.2.2.RELEASE,0,4.2.2.RELEASE,0,4.2.2.RELEASE
0.64,2015-10-27,4.2.2.RELEASE,2015-10-15,0,4.2.2.RELEASE,0,4.2.2.RELEASE,0,4.2.2.RELEASE,0,4.2.2.RELEASE,0,4.2.2.RELEASE,0,4.2.2.RELEASE
0.65,2015-10-28,4.2.2.RELEASE,2015-10-15,0,4.2.2.RELEASE,0,4.2.2.RELEASE,0,4.2.2.RELEASE,0,4.2.2.RELEASE,0,4.2.2.RELEASE,0,4.2.2.RELEASE
0.66,2015-10-30,4.2.2.RELEASE,2015-10-15,0,4.2.2.RELEASE,0,4.2.2.RELEASE,0,4.2.2.RELEASE,0,4.2.2.RELEASE,0,4.2.2.RELEASE,0,4.2.2.RELEASE
0.67,2015-11-02,4.2.2.RELEASE,2015-10-15,0,4.2.2.RELEASE,0,4.2.2.RELEASE,0,4.2.2.RELEASE,0,4.2.2.RELEASE,0,4.2.2.RELEASE,0,4.2.2.RELEASE
0.68,2015-11-05,4.2.2.RELEASE,2015-10-15,0,4.2.2.RELEASE,0,4.2.2.RELEASE,0,4.2.2.RELEASE,0,4.2.2.RELEASE,0,4.2.2.RELEASE,0,4.2.2.RELEASE
0.69,2015-11-10,4.2.2.RELEASE,2015-10-15,0,4.2.2.RELEASE,0,4.2.2.RELEASE,0,4.2.2.RELEASE,0,4.2.2.RELEASE,0,4.2.2.RELEASE,0,4.2.2.RELEASE
0.70,2015-11-11,4.2.2.RELEASE,2015-10-15,0,4.2.2.RELEASE,0,4.2.2.RELEASE,0,4.2.2.RELEASE,0,4.2.2.RELEASE,0,4.2.2.RELEASE,0,4.2.2.RELEASE
0.71,2015-11-13,4.2.2.RELEASE,2015-10-15,0,4.2.2.RELEASE,0,4.2.2.RELEASE,0,4.2.2.RELEASE,0,4.2.2.RELEASE,0,4.2.2.RELEASE,0,4.2.2.RELEASE
0.72,2015-11-14,,,,,,,,,,,,,,
0.73,2015-11-25,4.2.3.RELEASE,2015-11-15,0,4.2.3.RELEASE,0,4.2.3.RELEASE,0,4.2.3.RELEASE,0,4.2.3.RELEASE,0,4.2.3.RELEASE,0,4.2.3.RELEASE
0.74,2015-11-25,4.2.3.RELEASE,2015-11-15,0,4.2.3.RELEASE,0,4.2.3.RELEASE,0,4.2.3.RELEASE,0,4.2.3.RELEASE,0,4.2.3.RELEASE,0,4.2.3.RELEASE
0.75,2015-11-27,4.2.3.RELEASE,2015-11-15,0,4.2.3.RELEASE,0,4.2.3.RELEASE,0,4.2.3.RELEASE,0,4.2.3.RELEASE,0,4.2.3.RELEASE,0,4.2.3.RELEASE
0.76,2015-12-01,4.2.3.RELEASE,2015-11-15,0,4.2.3.RELEASE,0,4.2.3.RELEASE,0,4.2.3.RELEASE,0,4.2.3.RELEASE,0,4.2.3.RELEASE,0,4.2.3.RELEASE
0.77,2015-12-07,4.2.3.RELEASE,2015-11-15,0,4.2.3.RELEASE,0,4.2.3.RELEASE,0,4.2.3.RELEASE,0,4.2.3.RELEASE,0,4.2.3.RELEASE,0,4.2.3.RELEASE
0.78,2015-12-09,4.2.3.RELEASE,2015-11-15,0,4.2.3.RELEASE,0,4.2.3.RELEASE,0,4.2.3.RELEASE,0,4.2.3.RELEASE,0,4.2.3.RELEASE,0,4.2.3.RELEASE
0.79,2015-12-10,4.2.3.RELEASE,2015-11-15,0,4.2.3.RELEASE,0,4.2.3.RELEASE,0,4.2.3.RELEASE,0,4.2.3.RELEASE,0,4.2.3.RELEASE,0,4.2.3.RELEASE
0.79.1,2015-12-14,4.2.3.RELEASE,2015-11-15,0,4.2.3.RELEASE,0,4.2.3.RELEASE,0,4.2.3.RELEASE,0,4.2.3.RELEASE,0,4.2.3.RELEASE,0,4.2.3.RELEASE
0.79.2,2015-12-22,4.2.3.RELEASE,2015-11-15,0,4.2.4.RELEASE,0,4.2.4.RELEASE,1,4.2.4.RELEASE,0,4.2.4.RELEASE,0,4.2.4.RELEASE,1,4.2.4.RELEASE
0.79.3,2015-12-23,4.2.3.RELEASE,2015-11-15,0,4.2.4.RELEASE,0,4.2.4.RELEASE,1,4.2.4.RELEASE,0,4.2.4.RELEASE,0,4.2.4.RELEASE,1,4.2.4.RELEASE
0.79.4,2016-01-12,4.2.3.RELEASE,2015-11-15,0,4.2.4.RELEASE,0,4.2.4.RELEASE,1,4.2.4.RELEASE,0,4.2.4.RELEASE,0,4.2.4.RELEASE,1,4.2.4.RELEASE
0.79.5,2016-01-15,4.2.3.RELEASE,2015-11-15,0,4.2.4.RELEASE,0,4.2.4.RELEASE,1,4.2.4.RELEASE,0,4.2.4.RELEASE,0,4.2.4.RELEASE,1,4.2.4.RELEASE
0.80,2016-01-20,4.2.4.RELEASE,2015-12-17,0,4.2.4.RELEASE,0,4.2.4.RELEASE,0,4.2.4.RELEASE,0,4.2.4.RELEASE,0,4.2.4.RELEASE,0,4.2.4.RELEASE
0.80.1,2016-01-22,4.2.4.RELEASE,2015-12-17,0,4.2.4.RELEASE,0,4.2.4.RELEASE,0,4.2.4.RELEASE,0,4.2.4.RELEASE,0,4.2.4.RELEASE,0,4.2.4.RELEASE
0.81,2016-03-07,4.2.5.RELEASE,2016-02-25,0,4.2.5.RELEASE,0,4.2.5.RELEASE,0,4.2.5.RELEASE,0,4.2.5.RELEASE,0,4.2.5.RELEASE,0,4.2.5.RELEASE
0.82,2016-03-21,4.2.5.RELEASE,2016-02-25,0,4.2.5.RELEASE,0,4.2.5.RELEASE,0,4.2.5.RELEASE,0,4.2.5.RELEASE,0,4.2.5.RELEASE,0,4.2.5.RELEASE
0.83,2016-05-03,4.2.5.RELEASE,2016-02-25,0,4.2.5.RELEASE,0,4.2.5.RELEASE,0,4.2.5.RELEASE,0,4.2.5.RELEASE,0,4.2.5.RELEASE,0,4.2.5.RELEASE
0.84,2016-05-26,4.2.6.RELEASE,2016-05-06,0,4.2.6.RELEASE,0,4.2.6.RELEASE,0,4.2.6.RELEASE,0,4.2.6.RELEASE,0,4.2.6.RELEASE,0,4.2.6.RELEASE
0.85,2016-06-09,4.2.6.RELEASE,2016-05-06,0,4.2.6.RELEASE,0,4.2.6.RELEASE,0,4.2.6.RELEASE,0,4.2.6.RELEASE,0,4.2.6.RELEASE,0,4.2.6.RELEASE
0.85.1,2016-06-09,4.2.6.RELEASE,2016-05-06,0,4.2.6.RELEASE,0,4.2.6.RELEASE,0,4.2.6.RELEASE,0,4.2.6.RELEASE,0,4.2.6.RELEASE,0,4.2.6.RELEASE
0.86,2016-07-05,4.2.7.RELEASE,2016-07-04,0,4.3.1.RELEASE,1,4.3.1.RELEASE,0,4.2.7.RELEASE,0,4.3.1.RELEASE,1,4.3.1.RELEASE,0,4.2.7.RELEASE
0.87,2016-07-07,4.2.7.RELEASE,2016-07-04,0,4.3.1.RELEASE,1,4.3.1.RELEASE,0,4.2.7.RELEASE,0,4.3.1.RELEASE,1,4.3.1.RELEASE,0,4.2.7.RELEASE
0.87.1,2016-07-28,4.2.7.RELEASE,2016-07-04,0,4.3.2.RELEASE,1,4.3.2.RELEASE,0,4.2.7.RELEASE,0,4.3.2.RELEASE,1,4.3.2.RELEASE,0,4.2.7.RELEASE
0.88,2016-08-10,4.3.2.RELEASE,2016-07-28,0,4.3.2.RELEASE,0,4.3.2.RELEASE,0,4.3.2.RELEASE,0,4.3.2.RELEASE,0,4.3.2.RELEASE,0,4.3.2.RELEASE
0.89,2016-09-04,4.3.2.RELEASE,2016-07-28,0,4.3.2.RELEASE,0,4.3.2.RELEASE,0,4.3.2.RELEASE,0,4.3.2.RELEASE,0,4.3.2.RELEASE,0,4.3.2.RELEASE
0.89.1,2016-09-05,4.3.2.RELEASE,2016-07-28,0,4.3.2.RELEASE,0,4.3.2.RELEASE,0,4.3.2.RELEASE,0,4.3.2.RELEASE,0,4.3.2.RELEASE,0,4.3.2.RELEASE
0.89.2,2016-09-05,4.3.2.RELEASE,2016-07-28,0,4.3.2.RELEASE,0,4.3.2.RELEASE,0,4.3.2.RELEASE,0,4.3.2.RELEASE,0,4.3.2.RELEASE,0,4.3.2.RELEASE
0.89.3,2016-09-06,4.3.2.RELEASE,2016-07-28,0,4.3.2.RELEASE,0,4.3.2.RELEASE,0,4.3.2.RELEASE,0,4.3.2.RELEASE,0,4.3.2.RELEASE,0,4.3.2.RELEASE
0.89.4,2016-09-08,4.3.2.RELEASE,2016-07-28,0,4.3.2.RELEASE,0,4.3.2.RELEASE,0,4.3.2.RELEASE,0,4.3.2.RELEASE,0,4.3.2.RELEASE,0,4.3.2.RELEASE
0.89.5,2016-09-14,4.3.2.RELEASE,2016-07-28,0,4.3.2.RELEASE,0,4.3.2.RELEASE,0,4.3.2.RELEASE,0,4.3.2.RELEASE,0,4.3.2.RELEASE,0,4.3.2.RELEASE
0.89.6,2016-10-20,4.3.2.RELEASE,2016-07-28,0,4.3.3.RELEASE,0,4.3.3.RELEASE,1,4.3.3.RELEASE,0,4.3.3.RELEASE,0,4.3.3.RELEASE,1,4.3.3.RELEASE
0.90,2016-11-08,4.3.3.RELEASE,2016-09-19,0,4.3.4.RELEASE,0,4.3.4.RELEASE,1,4.3.4.RELEASE,0,4.3.4.RELEASE,0,4.3.4.RELEASE,1,4.3.4.RELEASE
0.90.1,2016-12-22,4.3.3.RELEASE,2016-09-19,0,4.3.5.RELEASE,0,4.3.5.RELEASE,2,4.3.5.RELEASE,0,4.3.5.RELEASE,0,4.3.5.RELEASE,2,4.3.5.RELEASE
0.90.2,2017-02-01,4.3.3.RELEASE,2016-09-19,0,4.3.6.RELEASE,0,4.3.6.RELEASE,3,4.3.6.RELEASE,0,4.3.6.RELEASE,0,4.3.6.RELEASE,3,4.3.6.RELEASE
0.90.3,2017-02-03,4.3.3.RELEASE,2016-09-19,0,4.3.6.RELEASE,0,4.3.6.RELEASE,3,4.3.6.RELEASE,0,4.3.6.RELEASE,0,4.3.6.RELEASE,3,4.3.6.RELEASE
0.90.4,2017-03-22,4.3.7.RELEASE,2017-03-01,0,4.3.7.RELEASE,0,4.3.7.RELEASE,0,4.3.7.RELEASE,0,4.3.7.RELEASE,0,4.3.7.RELEASE,0,4.3.7.RELEASE
0.90.5,2017-03-29,4.3.3.RELEASE,2016-09-19,0,4.3.7.RELEASE,0,4.3.7.RELEASE,4,4.3.7.RELEASE,0,4.3.7.RELEASE,0,4.3.7.RELEASE,4,4.3.7.RELEASE
0.90.6,2017-05-04,4.3.3.RELEASE,2016-09-19,0,4.3.8.RELEASE,0,4.3.8.RELEASE,5,4.3.8.RELEASE,0,4.3.8.RELEASE,0,4.3.8.RELEASE,5,4.3.8.RELEASE
0.91,2017-05-22,4.3.3.RELEASE,2016-09-19,0,4.3.8.RELEASE,0,4.3.8.RELEASE,5,4.3.8.RELEASE,0,4.3.8.RELEASE,0,4.3.8.RELEASE,5,4.3.8.RELEASE
0.91.1,2017-06-03,4.3.3.RELEASE,2016-09-19,0,4.3.8.RELEASE,0,4.3.8.RELEASE,5,4.3.8.RELEASE,0,4.3.8.RELEASE,0,4.3.8.RELEASE,5,4.3.8.RELEASE
0.91.2,2017-06-20,4.3.3.RELEASE,2016-09-19,0,4.3.9.RELEASE,0,4.3.9.RELEASE,6,4.3.9.RELEASE,0,4.3.9.RELEASE,0,4.3.9.RELEASE,6,4.3.9.RELEASE
0.91.3,2017-06-21,4.3.3.RELEASE,2016-09-19,0,4.3.9.RELEASE,0,4.3.9.RELEASE,6,4.3.9.RELEASE,0,4.3.9.RELEASE,0,4.3.9.RELEASE,6,4.3.9.RELEASE
0.91.4,2017-07-06,4.3.3.RELEASE,2016-09-19,0,4.3.9.RELEASE,0,4.3.9.RELEASE,6,4.3.9.RELEASE,0,4.3.9.RELEASE,0,4.3.9.RELEASE,6,4.3.9.RELEASE
0.91.5,2017-07-19,4.3.3.RELEASE,2016-09-19,0,4.3.9.RELEASE,0,4.3.9.RELEASE,6,4.3.9.RELEASE,0,4.3.9.RELEASE,0,4.3.9.RELEASE,6,4.3.9.RELEASE
0.91.6,2017-09-06,4.3.3.RELEASE,2016-09-19,0,4.3.10.RELEASE,0,4.3.10.RELEASE,7,4.3.10.RELEASE,0,4.3.10.RELEASE,0,4.3.10.RELEASE,7,4.3.10.RELEASE
0.91.7,2017-09-14,4.3.3.RELEASE,2016-09-19,0,4.3.11.RELEASE,0,4.3.11.RELEASE,8,4.3.11.RELEASE,0,4.3.11.RELEASE,0,4.3.11.RELEASE,8,4.3.11.RELEASE
0.91.8,2017-09-25,4.3.3.RELEASE,2016-09-19,0,4.3.11.RELEASE,0,4.3.11.RELEASE,8,4.3.11.RELEASE,0,4.3.11.RELEASE,0,4.3.11.RELEASE,8,4.3.11.RELEASE
0.91.9,2017-10-13,4.3.3.RELEASE,2016-09-19,0,4.3.12.RELEASE,0,4.3.12.RELEASE,9,4.3.12.RELEASE,0,4.3.12.RELEASE,0,4.3.12.RELEASE,9,4.3.12.RELEASE
0.91.10,2017-10-20,4.3.3.RELEASE,2016-09-19,0,4.3.12.RELEASE,0,4.3.12.RELEASE,9,4.3.12.RELEASE,0,4.3.12.RELEASE,0,4.3.12.RELEASE,9,4.3.12.RELEASE
0.91.11,2018-03-13,4.3.3.RELEASE,2016-09-19,0,4.3.14.RELEASE,0,4.3.14.RELEASE,11,4.3.14.RELEASE,0,4.3.14.RELEASE,0,4.3.14.RELEASE,11,4.3.14.RELEASE



ProjBVersion,ProjBDate
1.2.1,2005-12-23
1.2.2,2005-12-23
1.2.3,2005-12-23
1.2.4,2005-12-23
1.2.5,2005-12-23
3.2.0.RELEASE,2012-12-13
3.2.1.RELEASE,2013-01-24
3.2.2.RELEASE,2013-03-13
3.2.3.RELEASE,2013-05-20
3.2.4.RELEASE,2013-08-06
3.2.5.RELEASE,2013-11-06
4.0.0.RELEASE,2013-12-12
3.2.6.RELEASE,2013-12-12
4.0.1.RELEASE,2014-01-28
3.2.7.RELEASE,2014-01-28
4.0.2.RELEASE,2014-02-19
3.2.8.RELEASE,2014-02-19
4.0.3.RELEASE,2014-03-27
4.0.4.RELEASE,2014-04-30
3.2.9.RELEASE,2014-05-20
4.0.5.RELEASE,2014-05-20
4.0.6.RELEASE,2014-07-08
3.2.10.RELEASE,2014-07-15
4.0.7.RELEASE,2014-09-04
4.1.0.RELEASE,2014-09-04
3.2.11.RELEASE,2014-09-04
4.1.1.RELEASE,2014-10-01
4.0.8.RELEASE,2014-11-11
4.1.2.RELEASE,2014-11-11
3.2.12.RELEASE,2014-11-11
4.1.3.RELEASE,2014-12-09
4.1.4.RELEASE,2014-12-30
4.0.9.RELEASE,2014-12-30
3.2.13.RELEASE,2014-12-30
4.1.5.RELEASE,2015-02-20
4.1.6.RELEASE,2015-03-25
4.1.7.RELEASE,2015-06-30
3.2.14.RELEASE,2015-06-30
4.2.0.RELEASE,2015-07-31
4.2.1.RELEASE,2015-09-01
3.2.15.RELEASE,2015-10-15
4.1.8.RELEASE,2015-10-15
4.2.2.RELEASE,2015-10-15
4.2.3.RELEASE,2015-11-15
4.1.9.RELEASE,2015-12-17
4.2.4.RELEASE,2015-12-17
3.2.16.RELEASE,2015-12-17
4.2.5.RELEASE,2016-02-25
4.2.6.RELEASE,2016-05-06
3.2.17.RELEASE,2016-05-06
4.3.0.RELEASE,2016-06-10
4.3.1.RELEASE,2016-07-04
4.2.7.RELEASE,2016-07-04
4.3.2.RELEASE,2016-07-28
4.2.8.RELEASE,2016-09-19
4.3.3.RELEASE,2016-09-19
4.3.4.RELEASE,2016-11-07
4.3.5.RELEASE,2016-12-21
4.2.9.RELEASE,2016-12-21
3.2.18.RELEASE,2016-12-21
4.3.6.RELEASE,2017-01-25
4.3.7.RELEASE,2017-03-01
4.3.8.RELEASE,2017-04-18
4.3.9.RELEASE,2017-06-07
4.3.10.RELEASE,2017-07-20
4.3.11.RELEASE,2017-09-11
4.3.12.RELEASE,2017-10-10
4.3.13.RELEASE,2017-11-27
4.3.14.RELEASE,2018-01-23
4.3.15.RELEASE,2018-04-03
4.3.16.RELEASE,2018-04-09
4.3.17.RELEASE,2018-05-08
4.3.18.RELEASE,2018-06-13
4.3.19.RELEASE,2018-09-07
