Proj_A_version,Proj_A_version_date,Proj_A_dep_declaration_to_Proj_B,Proj_B_dep_publish_date,Major_vers_behind,Newest_major,Minor_vers_behind,Newest_minor,Micro_vers_behind,Newest_micro,NOTAG_Major_vers_behind,NOTAG_Newest_major,NOTAG_Minor_vers_behind,NOTAG_Newest_minor,NOTAG_Micro_vers_behind,NOTAG_Newest_micro
0.0.10,2014-04-15,,,,,,,,,,,,,,
0.0.11,2014-04-17,,,,,,,,,,,,,,
0.0.14,2014-05-07,,,,,,,,,,,,,,
0.0.15,2014-08-01,,,,,,,,,,,,,,
0.0.16,2014-08-07,,,,,,,,,,,,,,
0.0.17,2014-08-08,,,,,,,,,,,,,,
0.0.18,2014-08-12,,,,,,,,,,,,,,
0.0.19,2014-08-14,,,,,,,,,,,,,,
0.0.20,2014-08-14,,,,,,,,,,,,,,
0.0.21,2014-08-27,,,,,,,,,,,,,,
0.0.22,2014-08-28,,,,,,,,,,,,,,
0.0.23,2014-08-29,,,,,,,,,,,,,,
0.0.24,2014-08-30,,,,,,,,,,,,,,
0.0.25,2014-09-01,,,,,,,,,,,,,,
0.0.26,2014-09-11,,,,,,,,,,,,,,
0.0.27,2014-09-16,,,,,,,,,,,,,,
0.0.28,2014-09-16,,,,,,,,,,,,,,
0.0.29,2014-09-20,,,,,,,,,,,,,,
0.0.30,2014-10-13,,,,,,,,,,,,,,
0.0.31,2014-10-28,,,,,,,,,,,,,,
0.0.32,2014-10-29,,,,,,,,,,,,,,
0.0.33,2014-10-30,,,,,,,,,,,,,,
0.0.34,2014-11-10,,,,,,,,,,,,,,
0.0.35,2014-11-16,,,,,,,,,,,,,,
0.0.36,2014-11-23,,,,,,,,,,,,,,
0.0.37,2014-11-26,,,,,,,,,,,,,,
0.0.40,2014-12-11,,,,,,,,,,,,,,
0.0.41,2014-12-27,,,,,,,,,,,,,,
0.0.43,2014-12-28,,,,,,,,,,,,,,
0.0.44,2015-02-26,,,,,,,,,,,,,,
0.0.45,2015-02-27,,,,,,,,,,,,,,
0.0.46,2015-03-02,,,,,,,,,,,,,,
0.0.47,2015-03-08,,,,,,,,,,,,,,
0.0.48,2015-03-10,,,,,,,,,,,,,,
0.0.49,2015-03-26,,,,,,,,,,,,,,
0.0.50,2015-04-25,,,,,,,,,,,,,,
0.0.51,2015-04-25,4.1.6.RELEASE,2015-03-25,0,4.1.6.RELEASE,0,4.1.6.RELEASE,0,4.1.6.RELEASE,0,4.1.6.RELEASE,0,4.1.6.RELEASE,0,4.1.6.RELEASE
0.0.52,2015-04-26,4.1.6.RELEASE,2015-03-25,0,4.1.6.RELEASE,0,4.1.6.RELEASE,0,4.1.6.RELEASE,0,4.1.6.RELEASE,0,4.1.6.RELEASE,0,4.1.6.RELEASE
0.0.53,2015-04-27,4.1.6.RELEASE,2015-03-25,0,4.1.6.RELEASE,0,4.1.6.RELEASE,0,4.1.6.RELEASE,0,4.1.6.RELEASE,0,4.1.6.RELEASE,0,4.1.6.RELEASE
0.0.55,2015-04-28,4.1.6.RELEASE,2015-03-25,0,4.1.6.RELEASE,0,4.1.6.RELEASE,0,4.1.6.RELEASE,0,4.1.6.RELEASE,0,4.1.6.RELEASE,0,4.1.6.RELEASE
0.0.56,2015-05-05,4.1.6.RELEASE,2015-03-25,0,4.1.6.RELEASE,0,4.1.6.RELEASE,0,4.1.6.RELEASE,0,4.1.6.RELEASE,0,4.1.6.RELEASE,0,4.1.6.RELEASE
0.0.57,2015-05-07,4.1.6.RELEASE,2015-03-25,0,4.1.6.RELEASE,0,4.1.6.RELEASE,0,4.1.6.RELEASE,0,4.1.6.RELEASE,0,4.1.6.RELEASE,0,4.1.6.RELEASE
0.0.58,2015-05-13,4.1.6.RELEASE,2015-03-25,0,4.1.6.RELEASE,0,4.1.6.RELEASE,0,4.1.6.RELEASE,0,4.1.6.RELEASE,0,4.1.6.RELEASE,0,4.1.6.RELEASE
0.0.59,2015-05-18,4.1.6.RELEASE,2015-03-25,0,4.1.6.RELEASE,0,4.1.6.RELEASE,0,4.1.6.RELEASE,0,4.1.6.RELEASE,0,4.1.6.RELEASE,0,4.1.6.RELEASE
0.0.60,2015-05-18,4.1.6.RELEASE,2015-03-25,0,4.1.6.RELEASE,0,4.1.6.RELEASE,0,4.1.6.RELEASE,0,4.1.6.RELEASE,0,4.1.6.RELEASE,0,4.1.6.RELEASE
0.0.61,2015-05-25,4.1.6.RELEASE,2015-03-25,0,4.1.6.RELEASE,0,4.1.6.RELEASE,0,4.1.6.RELEASE,0,4.1.6.RELEASE,0,4.1.6.RELEASE,0,4.1.6.RELEASE
0.0.62,2015-05-26,4.1.6.RELEASE,2015-03-25,0,4.1.6.RELEASE,0,4.1.6.RELEASE,0,4.1.6.RELEASE,0,4.1.6.RELEASE,0,4.1.6.RELEASE,0,4.1.6.RELEASE
0.0.63,2015-06-30,4.1.6.RELEASE,2015-03-25,0,4.1.6.RELEASE,0,4.1.6.RELEASE,0,4.1.6.RELEASE,0,4.1.6.RELEASE,0,4.1.6.RELEASE,0,4.1.6.RELEASE
0.0.64,2015-07-18,4.1.6.RELEASE,2015-03-25,0,4.1.7.RELEASE,0,4.1.7.RELEASE,1,4.1.7.RELEASE,0,4.1.7.RELEASE,0,4.1.7.RELEASE,1,4.1.7.RELEASE
0.0.65,2015-08-03,4.1.6.RELEASE,2015-03-25,0,4.2.0.RELEASE,1,4.2.0.RELEASE,1,4.1.7.RELEASE,0,4.2.0.RELEASE,1,4.2.0.RELEASE,1,4.1.7.RELEASE
0.0.66,2015-08-20,4.1.6.RELEASE,2015-03-25,0,4.2.0.RELEASE,1,4.2.0.RELEASE,1,4.1.7.RELEASE,0,4.2.0.RELEASE,1,4.2.0.RELEASE,1,4.1.7.RELEASE
0.0.67,2015-08-20,4.1.6.RELEASE,2015-03-25,0,4.2.0.RELEASE,1,4.2.0.RELEASE,1,4.1.7.RELEASE,0,4.2.0.RELEASE,1,4.2.0.RELEASE,1,4.1.7.RELEASE
0.0.68,2015-08-25,4.1.6.RELEASE,2015-03-25,0,4.2.0.RELEASE,1,4.2.0.RELEASE,1,4.1.7.RELEASE,0,4.2.0.RELEASE,1,4.2.0.RELEASE,1,4.1.7.RELEASE
0.0.69,2015-10-15,4.1.6.RELEASE,2015-03-25,0,4.2.2.RELEASE,1,4.2.2.RELEASE,2,4.1.8.RELEASE,0,4.2.2.RELEASE,1,4.2.2.RELEASE,2,4.1.8.RELEASE
0.0.71,2016-03-22,4.1.6.RELEASE,2015-03-25,0,4.2.5.RELEASE,1,4.2.5.RELEASE,3,4.1.9.RELEASE,0,4.2.5.RELEASE,1,4.2.5.RELEASE,3,4.1.9.RELEASE
0.0.72,2016-09-01,4.1.6.RELEASE,2015-03-25,0,4.3.2.RELEASE,2,4.3.2.RELEASE,3,4.1.9.RELEASE,0,4.3.2.RELEASE,2,4.3.2.RELEASE,3,4.1.9.RELEASE
0.0.73,2016-12-08,4.1.6.RELEASE,2015-03-25,0,4.3.4.RELEASE,2,4.3.4.RELEASE,3,4.1.9.RELEASE,0,4.3.4.RELEASE,2,4.3.4.RELEASE,3,4.1.9.RELEASE
0.0.74,2016-12-20,4.1.6.RELEASE,2015-03-25,0,4.3.4.RELEASE,2,4.3.4.RELEASE,3,4.1.9.RELEASE,0,4.3.4.RELEASE,2,4.3.4.RELEASE,3,4.1.9.RELEASE
0.0.75,2016-12-29,4.1.6.RELEASE,2015-03-25,0,4.3.5.RELEASE,2,4.3.5.RELEASE,3,4.1.9.RELEASE,0,4.3.5.RELEASE,2,4.3.5.RELEASE,3,4.1.9.RELEASE
0.0.76,2017-02-08,4.1.6.RELEASE,2015-03-25,0,4.3.6.RELEASE,2,4.3.6.RELEASE,3,4.1.9.RELEASE,0,4.3.6.RELEASE,2,4.3.6.RELEASE,3,4.1.9.RELEASE
0.0.77,2017-02-10,4.1.6.RELEASE,2015-03-25,0,4.3.6.RELEASE,2,4.3.6.RELEASE,3,4.1.9.RELEASE,0,4.3.6.RELEASE,2,4.3.6.RELEASE,3,4.1.9.RELEASE
0.0.78,2017-02-11,4.1.6.RELEASE,2015-03-25,0,4.3.6.RELEASE,2,4.3.6.RELEASE,3,4.1.9.RELEASE,0,4.3.6.RELEASE,2,4.3.6.RELEASE,3,4.1.9.RELEASE
0.0.79,2017-02-12,4.1.6.RELEASE,2015-03-25,0,4.3.6.RELEASE,2,4.3.6.RELEASE,3,4.1.9.RELEASE,0,4.3.6.RELEASE,2,4.3.6.RELEASE,3,4.1.9.RELEASE
0.0.80,2017-02-15,4.1.6.RELEASE,2015-03-25,0,4.3.6.RELEASE,2,4.3.6.RELEASE,3,4.1.9.RELEASE,0,4.3.6.RELEASE,2,4.3.6.RELEASE,3,4.1.9.RELEASE
0.0.81,2017-02-16,4.1.6.RELEASE,2015-03-25,0,4.3.6.RELEASE,2,4.3.6.RELEASE,3,4.1.9.RELEASE,0,4.3.6.RELEASE,2,4.3.6.RELEASE,3,4.1.9.RELEASE
0.0.82,2017-03-03,4.1.6.RELEASE,2015-03-25,0,4.3.7.RELEASE,2,4.3.7.RELEASE,3,4.1.9.RELEASE,0,4.3.7.RELEASE,2,4.3.7.RELEASE,3,4.1.9.RELEASE
0.0.83,2017-03-29,4.1.6.RELEASE,2015-03-25,0,4.3.7.RELEASE,2,4.3.7.RELEASE,3,4.1.9.RELEASE,0,4.3.7.RELEASE,2,4.3.7.RELEASE,3,4.1.9.RELEASE
0.0.84,2017-05-21,4.1.6.RELEASE,2015-03-25,0,4.3.8.RELEASE,2,4.3.8.RELEASE,3,4.1.9.RELEASE,0,4.3.8.RELEASE,2,4.3.8.RELEASE,3,4.1.9.RELEASE
0.0.85,2017-05-22,,,,,,,,,,,,,,
0.0.86,2017-06-08,4.1.6.RELEASE,2015-03-25,0,4.3.9.RELEASE,2,4.3.9.RELEASE,3,4.1.9.RELEASE,0,4.3.9.RELEASE,2,4.3.9.RELEASE,3,4.1.9.RELEASE
0.0.87,2017-11-02,4.1.6.RELEASE,2015-03-25,0,4.3.12.RELEASE,2,4.3.12.RELEASE,3,4.1.9.RELEASE,0,4.3.12.RELEASE,2,4.3.12.RELEASE,3,4.1.9.RELEASE
0.0.88,2017-12-01,4.1.6.RELEASE,2015-03-25,0,4.3.13.RELEASE,2,4.3.13.RELEASE,3,4.1.9.RELEASE,0,4.3.13.RELEASE,2,4.3.13.RELEASE,3,4.1.9.RELEASE
0.0.89,2017-12-04,4.1.6.RELEASE,2015-03-25,0,4.3.13.RELEASE,2,4.3.13.RELEASE,3,4.1.9.RELEASE,0,4.3.13.RELEASE,2,4.3.13.RELEASE,3,4.1.9.RELEASE
0.0.90,2017-12-04,4.1.6.RELEASE,2015-03-25,0,4.3.13.RELEASE,2,4.3.13.RELEASE,3,4.1.9.RELEASE,0,4.3.13.RELEASE,2,4.3.13.RELEASE,3,4.1.9.RELEASE
0.0.91,2017-12-19,,,,,,,,,,,,,,



ProjBVersion,ProjBDate
1.2.1,2005-12-23
1.2.2,2005-12-23
1.2.3,2005-12-23
1.2.4,2005-12-23
1.2.5,2005-12-23
3.2.0.RELEASE,2012-12-13
3.2.1.RELEASE,2013-01-24
3.2.2.RELEASE,2013-03-13
3.2.3.RELEASE,2013-05-20
3.2.4.RELEASE,2013-08-06
3.2.5.RELEASE,2013-11-06
4.0.0.RELEASE,2013-12-12
3.2.6.RELEASE,2013-12-12
4.0.1.RELEASE,2014-01-28
3.2.7.RELEASE,2014-01-28
4.0.2.RELEASE,2014-02-19
3.2.8.RELEASE,2014-02-19
4.0.3.RELEASE,2014-03-27
4.0.4.RELEASE,2014-04-30
3.2.9.RELEASE,2014-05-20
4.0.5.RELEASE,2014-05-20
4.0.6.RELEASE,2014-07-08
3.2.10.RELEASE,2014-07-15
4.0.7.RELEASE,2014-09-04
4.1.0.RELEASE,2014-09-04
3.2.11.RELEASE,2014-09-04
4.1.1.RELEASE,2014-10-01
4.0.8.RELEASE,2014-11-11
4.1.2.RELEASE,2014-11-11
3.2.12.RELEASE,2014-11-11
4.1.3.RELEASE,2014-12-09
4.1.4.RELEASE,2014-12-30
4.0.9.RELEASE,2014-12-30
3.2.13.RELEASE,2014-12-30
4.1.5.RELEASE,2015-02-20
4.1.6.RELEASE,2015-03-25
4.1.7.RELEASE,2015-06-30
3.2.14.RELEASE,2015-06-30
4.2.0.RELEASE,2015-07-31
4.2.1.RELEASE,2015-09-01
3.2.15.RELEASE,2015-10-15
4.1.8.RELEASE,2015-10-15
4.2.2.RELEASE,2015-10-15
4.2.3.RELEASE,2015-11-15
4.1.9.RELEASE,2015-12-17
4.2.4.RELEASE,2015-12-17
3.2.16.RELEASE,2015-12-17
4.2.5.RELEASE,2016-02-25
4.2.6.RELEASE,2016-05-06
3.2.17.RELEASE,2016-05-06
4.3.0.RELEASE,2016-06-10
4.3.1.RELEASE,2016-07-04
4.2.7.RELEASE,2016-07-04
4.3.2.RELEASE,2016-07-28
4.2.8.RELEASE,2016-09-19
4.3.3.RELEASE,2016-09-19
4.3.4.RELEASE,2016-11-07
4.3.5.RELEASE,2016-12-21
4.2.9.RELEASE,2016-12-21
3.2.18.RELEASE,2016-12-21
4.3.6.RELEASE,2017-01-25
4.3.7.RELEASE,2017-03-01
4.3.8.RELEASE,2017-04-18
4.3.9.RELEASE,2017-06-07
4.3.10.RELEASE,2017-07-20
4.3.11.RELEASE,2017-09-11
4.3.12.RELEASE,2017-10-10
4.3.13.RELEASE,2017-11-27
4.3.14.RELEASE,2018-01-23
4.3.15.RELEASE,2018-04-03
4.3.16.RELEASE,2018-04-09
4.3.17.RELEASE,2018-05-08
4.3.18.RELEASE,2018-06-13
4.3.19.RELEASE,2018-09-07
