Proj_A_version,Proj_A_version_date,Proj_A_dep_declaration_to_Proj_B,Proj_B_dep_publish_date,Major_vers_behind,Newest_major,Minor_vers_behind,Newest_minor,Micro_vers_behind,Newest_micro,NOTAG_Major_vers_behind,NOTAG_Newest_major,NOTAG_Minor_vers_behind,NOTAG_Newest_minor,NOTAG_Micro_vers_behind,NOTAG_Newest_micro
1.1.15,2012-02-07,,,,,,,,,,,,,,
1.1.16,2012-03-14,,,,,,,,,,,,,,
1.1.17,2012-03-14,,,,,,,,,,,,,,
1.1.18,2012-04-11,,,,,,,,,,,,,,
1.1.19,2012-05-10,,,,,,,,,,,,,,
1.1.20,2012-06-06,,,,,,,,,,,,,,
1.1.21,2012-06-19,,,,,,,,,,,,,,
1.1.22,2012-07-11,,,,,,,,,,,,,,
1.1.23,2012-08-02,,,,,,,,,,,,,,
1.1.24,2012-10-11,,,,,,,,,,,,,,
1.1.25,2012-11-19,,,,,,,,,,,,,,
1.1.26,2012-11-30,,,,,,,,,,,,,,
1.1.27,2013-01-11,,,,,,,,,,,,,,
1.1.28,2013-03-15,3.2.0.RELEASE,2012-12-13,0,3.2.2.RELEASE,0,3.2.2.RELEASE,2,3.2.2.RELEASE,0,3.2.2.RELEASE,0,3.2.2.RELEASE,2,3.2.2.RELEASE
1.1.29,2013-04-08,3.2.0.RELEASE,2012-12-13,0,3.2.2.RELEASE,0,3.2.2.RELEASE,2,3.2.2.RELEASE,0,3.2.2.RELEASE,0,3.2.2.RELEASE,2,3.2.2.RELEASE
1.1.30,2013-05-01,3.2.0.RELEASE,2012-12-13,0,3.2.2.RELEASE,0,3.2.2.RELEASE,2,3.2.2.RELEASE,0,3.2.2.RELEASE,0,3.2.2.RELEASE,2,3.2.2.RELEASE
1.1.31,2013-05-12,3.2.0.RELEASE,2012-12-13,0,3.2.2.RELEASE,0,3.2.2.RELEASE,2,3.2.2.RELEASE,0,3.2.2.RELEASE,0,3.2.2.RELEASE,2,3.2.2.RELEASE
1.1.32,2013-06-23,3.2.0.RELEASE,2012-12-13,0,3.2.3.RELEASE,0,3.2.3.RELEASE,3,3.2.3.RELEASE,0,3.2.3.RELEASE,0,3.2.3.RELEASE,3,3.2.3.RELEASE
1.1.33,2013-07-12,3.2.0.RELEASE,2012-12-13,0,3.2.3.RELEASE,0,3.2.3.RELEASE,3,3.2.3.RELEASE,0,3.2.3.RELEASE,0,3.2.3.RELEASE,3,3.2.3.RELEASE
1.1.33.android,2013-07-14,3.2.0.RELEASE,2012-12-13,0,3.2.3.RELEASE,0,3.2.3.RELEASE,3,3.2.3.RELEASE,0,3.2.3.RELEASE,0,3.2.3.RELEASE,3,3.2.3.RELEASE
1.1.34,2013-07-18,3.2.0.RELEASE,2012-12-13,0,3.2.3.RELEASE,0,3.2.3.RELEASE,3,3.2.3.RELEASE,0,3.2.3.RELEASE,0,3.2.3.RELEASE,3,3.2.3.RELEASE
1.1.34.android,2013-07-19,3.2.0.RELEASE,2012-12-13,0,3.2.3.RELEASE,0,3.2.3.RELEASE,3,3.2.3.RELEASE,0,3.2.3.RELEASE,0,3.2.3.RELEASE,3,3.2.3.RELEASE
1.1.35,2013-07-28,3.2.2.RELEASE,2013-03-13,0,3.2.3.RELEASE,0,3.2.3.RELEASE,1,3.2.3.RELEASE,0,3.2.3.RELEASE,0,3.2.3.RELEASE,1,3.2.3.RELEASE
1.1.36,2013-08-28,3.2.2.RELEASE,2013-03-13,0,3.2.4.RELEASE,0,3.2.4.RELEASE,2,3.2.4.RELEASE,0,3.2.4.RELEASE,0,3.2.4.RELEASE,2,3.2.4.RELEASE
1.1.37,2013-10-20,3.2.2.RELEASE,2013-03-13,0,3.2.4.RELEASE,0,3.2.4.RELEASE,2,3.2.4.RELEASE,0,3.2.4.RELEASE,0,3.2.4.RELEASE,2,3.2.4.RELEASE
1.1.38,2014-01-03,3.2.2.RELEASE,2013-03-13,1,4.0.0.RELEASE,0,3.2.6.RELEASE,4,3.2.6.RELEASE,1,4.0.0.RELEASE,0,3.2.6.RELEASE,4,3.2.6.RELEASE
1.1.39,2014-02-24,3.2.2.RELEASE,2013-03-13,1,4.0.2.RELEASE,0,3.2.8.RELEASE,6,3.2.8.RELEASE,1,4.0.2.RELEASE,0,3.2.8.RELEASE,6,3.2.8.RELEASE
1.1.40,2014-05-05,3.2.2.RELEASE,2013-03-13,1,4.0.4.RELEASE,0,3.2.8.RELEASE,6,3.2.8.RELEASE,1,4.0.4.RELEASE,0,3.2.8.RELEASE,6,3.2.8.RELEASE
1.1.41,2014-05-20,3.2.2.RELEASE,2013-03-13,1,4.0.4.RELEASE,0,3.2.8.RELEASE,6,3.2.8.RELEASE,1,4.0.4.RELEASE,0,3.2.8.RELEASE,6,3.2.8.RELEASE
1.1.42,2014-10-11,3.2.2.RELEASE,2013-03-13,1,4.1.1.RELEASE,0,3.2.11.RELEASE,9,3.2.11.RELEASE,1,4.1.1.RELEASE,0,3.2.11.RELEASE,9,3.2.11.RELEASE
1.1.42.android,2014-10-11,,,,,,,,,,,,,,
1.1.43.android,2014-10-13,,,,,,,,,,,,,,
1.1.43,2014-10-13,3.2.2.RELEASE,2013-03-13,1,4.1.1.RELEASE,0,3.2.11.RELEASE,9,3.2.11.RELEASE,1,4.1.1.RELEASE,0,3.2.11.RELEASE,9,3.2.11.RELEASE
1.1.44,2014-10-28,3.2.2.RELEASE,2013-03-13,1,4.1.1.RELEASE,0,3.2.11.RELEASE,9,3.2.11.RELEASE,1,4.1.1.RELEASE,0,3.2.11.RELEASE,9,3.2.11.RELEASE
1.1.44.android,2014-10-28,,,,,,,,,,,,,,
1.2.0,2014-10-28,3.2.2.RELEASE,2013-03-13,1,4.1.1.RELEASE,0,3.2.11.RELEASE,9,3.2.11.RELEASE,1,4.1.1.RELEASE,0,3.2.11.RELEASE,9,3.2.11.RELEASE
1.1.45,2014-11-05,3.2.2.RELEASE,2013-03-13,1,4.1.1.RELEASE,0,3.2.11.RELEASE,9,3.2.11.RELEASE,1,4.1.1.RELEASE,0,3.2.11.RELEASE,9,3.2.11.RELEASE
1.1.45.android,2014-11-05,,,,,,,,,,,,,,
1.2.1,2014-11-05,3.2.2.RELEASE,2013-03-13,1,4.1.1.RELEASE,0,3.2.11.RELEASE,9,3.2.11.RELEASE,1,4.1.1.RELEASE,0,3.2.11.RELEASE,9,3.2.11.RELEASE
1.2.2,2014-11-20,3.2.2.RELEASE,2013-03-13,1,4.1.2.RELEASE,0,3.2.12.RELEASE,10,3.2.12.RELEASE,1,4.1.2.RELEASE,0,3.2.12.RELEASE,10,3.2.12.RELEASE
1.1.46,2014-11-20,3.2.2.RELEASE,2013-03-13,1,4.1.2.RELEASE,0,3.2.12.RELEASE,10,3.2.12.RELEASE,1,4.1.2.RELEASE,0,3.2.12.RELEASE,10,3.2.12.RELEASE
1.2.3,2014-12-02,3.2.2.RELEASE,2013-03-13,1,4.1.2.RELEASE,0,3.2.12.RELEASE,10,3.2.12.RELEASE,1,4.1.2.RELEASE,0,3.2.12.RELEASE,10,3.2.12.RELEASE
1.2.4,2015-01-14,3.2.2.RELEASE,2013-03-13,1,4.1.4.RELEASE,0,3.2.13.RELEASE,11,3.2.13.RELEASE,1,4.1.4.RELEASE,0,3.2.13.RELEASE,11,3.2.13.RELEASE
1.2.5,2015-03-23,3.2.2.RELEASE,2013-03-13,1,4.1.5.RELEASE,0,3.2.13.RELEASE,11,3.2.13.RELEASE,1,4.1.5.RELEASE,0,3.2.13.RELEASE,11,3.2.13.RELEASE
1.2.6,2015-05-21,3.2.2.RELEASE,2013-03-13,1,4.1.6.RELEASE,0,3.2.13.RELEASE,11,3.2.13.RELEASE,1,4.1.6.RELEASE,0,3.2.13.RELEASE,11,3.2.13.RELEASE
1.2.7,2015-09-01,3.2.2.RELEASE,2013-03-13,1,4.2.0.RELEASE,0,3.2.14.RELEASE,12,3.2.14.RELEASE,1,4.2.0.RELEASE,0,3.2.14.RELEASE,12,3.2.14.RELEASE
1.1.46.android,2015-10-27,,,,,,,,,,,,,,
1.2.8,2016-02-28,3.2.2.RELEASE,2013-03-13,1,4.2.5.RELEASE,0,3.2.16.RELEASE,14,3.2.16.RELEASE,1,4.2.5.RELEASE,0,3.2.16.RELEASE,14,3.2.16.RELEASE
1.1.48.android,2016-04-10,,,,,,,,,,,,,,
1.2.9,2016-04-18,3.2.2.RELEASE,2013-03-13,1,4.2.5.RELEASE,0,3.2.16.RELEASE,14,3.2.16.RELEASE,1,4.2.5.RELEASE,0,3.2.16.RELEASE,14,3.2.16.RELEASE
1.2.10,2016-04-23,3.2.2.RELEASE,2013-03-13,1,4.2.5.RELEASE,0,3.2.16.RELEASE,14,3.2.16.RELEASE,1,4.2.5.RELEASE,0,3.2.16.RELEASE,14,3.2.16.RELEASE
1.2.11,2016-05-02,4.2.5.RELEASE,2016-02-25,0,4.2.5.RELEASE,0,4.2.5.RELEASE,0,4.2.5.RELEASE,0,4.2.5.RELEASE,0,4.2.5.RELEASE,0,4.2.5.RELEASE
1.2.12,2016-05-21,4.2.5.RELEASE,2016-02-25,0,4.2.6.RELEASE,0,4.2.6.RELEASE,1,4.2.6.RELEASE,0,4.2.6.RELEASE,0,4.2.6.RELEASE,1,4.2.6.RELEASE
1.2.13,2016-06-27,4.2.5.RELEASE,2016-02-25,0,4.3.0.RELEASE,1,4.3.0.RELEASE,1,4.2.6.RELEASE,0,4.3.0.RELEASE,1,4.3.0.RELEASE,1,4.2.6.RELEASE
1.2.14,2016-07-17,4.2.5.RELEASE,2016-02-25,0,4.3.1.RELEASE,1,4.3.1.RELEASE,2,4.2.7.RELEASE,0,4.3.1.RELEASE,1,4.3.1.RELEASE,2,4.2.7.RELEASE
1.2.15,2016-07-31,4.2.5.RELEASE,2016-02-25,0,4.3.2.RELEASE,1,4.3.2.RELEASE,2,4.2.7.RELEASE,0,4.3.2.RELEASE,1,4.3.2.RELEASE,2,4.2.7.RELEASE
1.2.16,2016-08-14,4.2.5.RELEASE,2016-02-25,0,4.3.2.RELEASE,1,4.3.2.RELEASE,2,4.2.7.RELEASE,0,4.3.2.RELEASE,1,4.3.2.RELEASE,2,4.2.7.RELEASE
1.2.17,2016-09-06,4.2.5.RELEASE,2016-02-25,0,4.3.2.RELEASE,1,4.3.2.RELEASE,2,4.2.7.RELEASE,0,4.3.2.RELEASE,1,4.3.2.RELEASE,2,4.2.7.RELEASE
1.2.18,2016-10-15,4.2.5.RELEASE,2016-02-25,0,4.3.3.RELEASE,1,4.3.3.RELEASE,3,4.2.8.RELEASE,0,4.3.3.RELEASE,1,4.3.3.RELEASE,3,4.2.8.RELEASE
1.2.19,2016-10-20,4.2.5.RELEASE,2016-02-25,0,4.3.3.RELEASE,1,4.3.3.RELEASE,3,4.2.8.RELEASE,0,4.3.3.RELEASE,1,4.3.3.RELEASE,3,4.2.8.RELEASE
1.2.20,2016-10-22,4.2.5.RELEASE,2016-02-25,0,4.3.3.RELEASE,1,4.3.3.RELEASE,3,4.2.8.RELEASE,0,4.3.3.RELEASE,1,4.3.3.RELEASE,3,4.2.8.RELEASE
1.2.21,2016-11-12,4.2.5.RELEASE,2016-02-25,0,4.3.4.RELEASE,1,4.3.4.RELEASE,3,4.2.8.RELEASE,0,4.3.4.RELEASE,1,4.3.4.RELEASE,3,4.2.8.RELEASE
1.2.22,2016-12-10,4.2.5.RELEASE,2016-02-25,0,4.3.4.RELEASE,1,4.3.4.RELEASE,3,4.2.8.RELEASE,0,4.3.4.RELEASE,1,4.3.4.RELEASE,3,4.2.8.RELEASE
1.2.23,2016-12-20,4.2.5.RELEASE,2016-02-25,0,4.3.4.RELEASE,1,4.3.4.RELEASE,3,4.2.8.RELEASE,0,4.3.4.RELEASE,1,4.3.4.RELEASE,3,4.2.8.RELEASE
1.2.24,2017-01-19,4.2.5.RELEASE,2016-02-25,0,4.3.5.RELEASE,1,4.3.5.RELEASE,4,4.2.9.RELEASE,0,4.3.5.RELEASE,1,4.3.5.RELEASE,4,4.2.9.RELEASE
1.2.25,2017-03-10,4.2.5.RELEASE,2016-02-25,0,4.3.7.RELEASE,1,4.3.7.RELEASE,4,4.2.9.RELEASE,0,4.3.7.RELEASE,1,4.3.7.RELEASE,4,4.2.9.RELEASE
1.2.26,2017-03-10,4.2.5.RELEASE,2016-02-25,0,4.3.7.RELEASE,1,4.3.7.RELEASE,4,4.2.9.RELEASE,0,4.3.7.RELEASE,1,4.3.7.RELEASE,4,4.2.9.RELEASE
1.2.27,2017-03-10,4.2.5.RELEASE,2016-02-25,0,4.3.7.RELEASE,1,4.3.7.RELEASE,4,4.2.9.RELEASE,0,4.3.7.RELEASE,1,4.3.7.RELEASE,4,4.2.9.RELEASE
1.2.28,2017-03-10,4.2.5.RELEASE,2016-02-25,0,4.3.7.RELEASE,1,4.3.7.RELEASE,4,4.2.9.RELEASE,0,4.3.7.RELEASE,1,4.3.7.RELEASE,4,4.2.9.RELEASE
1.2.28.odps,2017-03-10,4.2.5.RELEASE,2016-02-25,0,4.3.7.RELEASE,1,4.3.7.RELEASE,4,4.2.9.RELEASE,0,4.3.7.RELEASE,1,4.3.7.RELEASE,4,4.2.9.RELEASE
1.1.41.sec01,2017-03-10,3.2.2.RELEASE,2013-03-13,1,4.3.7.RELEASE,0,3.2.18.RELEASE,16,3.2.18.RELEASE,1,4.3.7.RELEASE,0,3.2.18.RELEASE,16,3.2.18.RELEASE
1.2.16.sec01,2017-03-10,4.2.5.RELEASE,2016-02-25,0,4.3.7.RELEASE,1,4.3.7.RELEASE,4,4.2.9.RELEASE,0,4.3.7.RELEASE,1,4.3.7.RELEASE,4,4.2.9.RELEASE
1.2.2.sec01,2017-03-10,3.2.2.RELEASE,2013-03-13,1,4.3.7.RELEASE,0,3.2.18.RELEASE,16,3.2.18.RELEASE,1,4.3.7.RELEASE,0,3.2.18.RELEASE,16,3.2.18.RELEASE
1.2.14.sec01,2017-03-10,4.2.5.RELEASE,2016-02-25,0,4.3.7.RELEASE,1,4.3.7.RELEASE,4,4.2.9.RELEASE,0,4.3.7.RELEASE,1,4.3.7.RELEASE,4,4.2.9.RELEASE
1.2.13.sec01,2017-03-10,4.2.5.RELEASE,2016-02-25,0,4.3.7.RELEASE,1,4.3.7.RELEASE,4,4.2.9.RELEASE,0,4.3.7.RELEASE,1,4.3.7.RELEASE,4,4.2.9.RELEASE
1.2.4.sec01,2017-03-10,3.2.2.RELEASE,2013-03-13,1,4.3.7.RELEASE,0,3.2.18.RELEASE,16,3.2.18.RELEASE,1,4.3.7.RELEASE,0,3.2.18.RELEASE,16,3.2.18.RELEASE
1.1.33.sec01,2017-03-10,3.2.0.RELEASE,2012-12-13,1,4.3.7.RELEASE,0,3.2.18.RELEASE,18,3.2.18.RELEASE,1,4.3.7.RELEASE,0,3.2.18.RELEASE,18,3.2.18.RELEASE
1.2.7.sec01,2017-03-10,3.2.2.RELEASE,2013-03-13,1,4.3.7.RELEASE,0,3.2.18.RELEASE,16,3.2.18.RELEASE,1,4.3.7.RELEASE,0,3.2.18.RELEASE,16,3.2.18.RELEASE
1.1.46.sec01,2017-03-10,3.2.2.RELEASE,2013-03-13,1,4.3.7.RELEASE,0,3.2.18.RELEASE,16,3.2.18.RELEASE,1,4.3.7.RELEASE,0,3.2.18.RELEASE,16,3.2.18.RELEASE
1.1.31.sec01,2017-03-10,3.2.0.RELEASE,2012-12-13,1,4.3.7.RELEASE,0,3.2.18.RELEASE,18,3.2.18.RELEASE,1,4.3.7.RELEASE,0,3.2.18.RELEASE,18,3.2.18.RELEASE
1.1.34.sec01,2017-03-10,3.2.0.RELEASE,2012-12-13,1,4.3.7.RELEASE,0,3.2.18.RELEASE,18,3.2.18.RELEASE,1,4.3.7.RELEASE,0,3.2.18.RELEASE,18,3.2.18.RELEASE
1.2.8.sec01,2017-03-10,3.2.2.RELEASE,2013-03-13,1,4.3.7.RELEASE,0,3.2.18.RELEASE,16,3.2.18.RELEASE,1,4.3.7.RELEASE,0,3.2.18.RELEASE,16,3.2.18.RELEASE
1.2.29,2017-03-16,4.2.5.RELEASE,2016-02-25,0,4.3.7.RELEASE,1,4.3.7.RELEASE,4,4.2.9.RELEASE,0,4.3.7.RELEASE,1,4.3.7.RELEASE,4,4.2.9.RELEASE
1.2.30,2017-03-26,4.2.5.RELEASE,2016-02-25,0,4.3.7.RELEASE,1,4.3.7.RELEASE,4,4.2.9.RELEASE,0,4.3.7.RELEASE,1,4.3.7.RELEASE,4,4.2.9.RELEASE
1.2.31,2017-04-03,4.2.5.RELEASE,2016-02-25,0,4.3.7.RELEASE,1,4.3.7.RELEASE,4,4.2.9.RELEASE,0,4.3.7.RELEASE,1,4.3.7.RELEASE,4,4.2.9.RELEASE
1.2.32,2017-05-09,4.3.7.RELEASE,2017-03-01,0,4.3.8.RELEASE,0,4.3.8.RELEASE,1,4.3.8.RELEASE,0,4.3.8.RELEASE,0,4.3.8.RELEASE,1,4.3.8.RELEASE
1.2.33,2017-06-11,4.3.7.RELEASE,2017-03-01,0,4.3.9.RELEASE,0,4.3.9.RELEASE,2,4.3.9.RELEASE,0,4.3.9.RELEASE,0,4.3.9.RELEASE,2,4.3.9.RELEASE
1.2.34,2017-07-02,4.3.7.RELEASE,2017-03-01,0,4.3.9.RELEASE,0,4.3.9.RELEASE,2,4.3.9.RELEASE,0,4.3.9.RELEASE,0,4.3.9.RELEASE,2,4.3.9.RELEASE
1.2.35,2017-07-16,4.3.7.RELEASE,2017-03-01,0,4.3.9.RELEASE,0,4.3.9.RELEASE,2,4.3.9.RELEASE,0,4.3.9.RELEASE,0,4.3.9.RELEASE,2,4.3.9.RELEASE
1.2.36,2017-08-08,4.3.7.RELEASE,2017-03-01,0,4.3.10.RELEASE,0,4.3.10.RELEASE,3,4.3.10.RELEASE,0,4.3.10.RELEASE,0,4.3.10.RELEASE,3,4.3.10.RELEASE
1.2.37,2017-08-16,4.3.7.RELEASE,2017-03-01,0,4.3.10.RELEASE,0,4.3.10.RELEASE,3,4.3.10.RELEASE,0,4.3.10.RELEASE,0,4.3.10.RELEASE,3,4.3.10.RELEASE
1.2.38,2017-09-01,4.3.7.RELEASE,2017-03-01,0,4.3.10.RELEASE,0,4.3.10.RELEASE,3,4.3.10.RELEASE,0,4.3.10.RELEASE,0,4.3.10.RELEASE,3,4.3.10.RELEASE
1.2.39,2017-10-01,4.3.7.RELEASE,2017-03-01,1,5.0.0.RELEASE,0,4.3.11.RELEASE,4,4.3.11.RELEASE,1,5.0.0.RELEASE,0,4.3.11.RELEASE,4,4.3.11.RELEASE
1.2.40,2017-11-04,4.3.7.RELEASE,2017-03-01,1,5.0.1.RELEASE,0,4.3.12.RELEASE,5,4.3.12.RELEASE,1,5.0.1.RELEASE,0,4.3.12.RELEASE,5,4.3.12.RELEASE
1.2.41,2017-11-17,4.3.7.RELEASE,2017-03-01,1,5.0.1.RELEASE,0,4.3.12.RELEASE,5,4.3.12.RELEASE,1,5.0.1.RELEASE,0,4.3.12.RELEASE,5,4.3.12.RELEASE
1.2.42,2017-12-12,4.3.7.RELEASE,2017-03-01,1,5.0.1.RELEASE,0,4.3.13.RELEASE,6,4.3.13.RELEASE,1,5.0.1.RELEASE,0,4.3.13.RELEASE,6,4.3.13.RELEASE
1.2.43,2017-12-16,4.3.7.RELEASE,2017-03-01,1,5.0.1.RELEASE,0,4.3.13.RELEASE,6,4.3.13.RELEASE,1,5.0.1.RELEASE,0,4.3.13.RELEASE,6,4.3.13.RELEASE
1.2.44,2017-12-21,4.3.7.RELEASE,2017-03-01,1,5.0.1.RELEASE,0,4.3.13.RELEASE,6,4.3.13.RELEASE,1,5.0.1.RELEASE,0,4.3.13.RELEASE,6,4.3.13.RELEASE
1.2.45,2018-01-21,4.3.7.RELEASE,2017-03-01,1,5.0.1.RELEASE,0,4.3.13.RELEASE,6,4.3.13.RELEASE,1,5.0.1.RELEASE,0,4.3.13.RELEASE,6,4.3.13.RELEASE
1.2.46,2018-02-05,4.3.7.RELEASE,2017-03-01,1,5.0.1.RELEASE,0,4.3.14.RELEASE,7,4.3.14.RELEASE,1,5.0.1.RELEASE,0,4.3.14.RELEASE,7,4.3.14.RELEASE
1.2.47,2018-03-15,4.3.7.RELEASE,2017-03-01,1,5.0.1.RELEASE,0,4.3.14.RELEASE,7,4.3.14.RELEASE,1,5.0.1.RELEASE,0,4.3.14.RELEASE,7,4.3.14.RELEASE
1.2.49,2018-08-04,4.3.7.RELEASE,2017-03-01,1,5.0.1.RELEASE,0,4.3.18.RELEASE,11,4.3.18.RELEASE,1,5.0.1.RELEASE,0,4.3.18.RELEASE,11,4.3.18.RELEASE
1.2.48,2018-08-04,4.3.7.RELEASE,2017-03-01,1,5.0.1.RELEASE,0,4.3.18.RELEASE,11,4.3.18.RELEASE,1,5.0.1.RELEASE,0,4.3.18.RELEASE,11,4.3.18.RELEASE
1.2.51,2018-09-30,4.3.7.RELEASE,2017-03-01,1,5.0.1.RELEASE,0,4.3.18.RELEASE,11,4.3.18.RELEASE,1,5.0.1.RELEASE,0,4.3.18.RELEASE,11,4.3.18.RELEASE
1.2.50,2018-09-30,4.3.7.RELEASE,2017-03-01,1,5.0.1.RELEASE,0,4.3.18.RELEASE,11,4.3.18.RELEASE,1,5.0.1.RELEASE,0,4.3.18.RELEASE,11,4.3.18.RELEASE
1.2.52,2018-11-18,4.3.7.RELEASE,2017-03-01,1,5.0.1.RELEASE,0,4.3.18.RELEASE,11,4.3.18.RELEASE,1,5.0.1.RELEASE,0,4.3.18.RELEASE,11,4.3.18.RELEASE
1.2.53,2018-11-21,4.3.7.RELEASE,2017-03-01,1,5.0.1.RELEASE,0,4.3.18.RELEASE,11,4.3.18.RELEASE,1,5.0.1.RELEASE,0,4.3.18.RELEASE,11,4.3.18.RELEASE
1.2.54,2018-11-29,4.3.7.RELEASE,2017-03-01,1,5.0.1.RELEASE,0,4.3.18.RELEASE,11,4.3.18.RELEASE,1,5.0.1.RELEASE,0,4.3.18.RELEASE,11,4.3.18.RELEASE



ProjBVersion,ProjBDate
1.2.1,2005-12-23
1.2.2,2005-12-23
1.2.3,2005-12-23
1.2.4,2005-12-23
1.2.5,2005-12-23
3.2.0.RELEASE,2012-12-13
3.2.1.RELEASE,2013-01-24
3.2.2.RELEASE,2013-03-13
3.2.3.RELEASE,2013-05-20
3.2.4.RELEASE,2013-08-06
3.2.5.RELEASE,2013-11-06
4.0.0.RELEASE,2013-12-12
3.2.6.RELEASE,2013-12-12
4.0.1.RELEASE,2014-01-28
3.2.7.RELEASE,2014-01-28
4.0.2.RELEASE,2014-02-19
3.2.8.RELEASE,2014-02-19
4.0.3.RELEASE,2014-03-27
4.0.4.RELEASE,2014-04-30
3.2.9.RELEASE,2014-05-20
4.0.5.RELEASE,2014-05-20
4.0.6.RELEASE,2014-07-08
3.2.10.RELEASE,2014-07-15
4.0.7.RELEASE,2014-09-04
4.1.0.RELEASE,2014-09-04
3.2.11.RELEASE,2014-09-04
4.1.1.RELEASE,2014-10-01
4.0.8.RELEASE,2014-11-11
4.1.2.RELEASE,2014-11-11
3.2.12.RELEASE,2014-11-11
4.1.3.RELEASE,2014-12-09
4.1.4.RELEASE,2014-12-30
4.0.9.RELEASE,2014-12-30
3.2.13.RELEASE,2014-12-30
4.1.5.RELEASE,2015-02-20
4.1.6.RELEASE,2015-03-25
4.1.7.RELEASE,2015-06-30
3.2.14.RELEASE,2015-06-30
4.2.0.RELEASE,2015-07-31
4.2.1.RELEASE,2015-09-01
3.2.15.RELEASE,2015-10-15
4.1.8.RELEASE,2015-10-15
4.2.2.RELEASE,2015-10-15
4.2.3.RELEASE,2015-11-15
4.1.9.RELEASE,2015-12-17
4.2.4.RELEASE,2015-12-17
3.2.16.RELEASE,2015-12-17
4.2.5.RELEASE,2016-02-25
4.2.6.RELEASE,2016-05-06
3.2.17.RELEASE,2016-05-06
4.3.0.RELEASE,2016-06-10
4.3.1.RELEASE,2016-07-04
4.2.7.RELEASE,2016-07-04
4.3.2.RELEASE,2016-07-28
4.2.8.RELEASE,2016-09-19
4.3.3.RELEASE,2016-09-19
4.3.4.RELEASE,2016-11-07
4.3.5.RELEASE,2016-12-21
4.2.9.RELEASE,2016-12-21
3.2.18.RELEASE,2016-12-21
4.3.6.RELEASE,2017-01-25
4.3.7.RELEASE,2017-03-01
4.3.8.RELEASE,2017-04-18
4.3.9.RELEASE,2017-06-07
4.3.10.RELEASE,2017-07-20
4.3.11.RELEASE,2017-09-11
5.0.0.RELEASE,2017-09-28
4.3.12.RELEASE,2017-10-10
5.0.1.RELEASE,2017-10-24
4.3.13.RELEASE,2017-11-27
4.3.14.RELEASE,2018-01-23
4.3.15.RELEASE,2018-04-03
4.3.16.RELEASE,2018-04-09
4.3.17.RELEASE,2018-05-08
4.3.18.RELEASE,2018-06-13
