Proj_A_version,Proj_A_version_date,Proj_A_dep_declaration_to_Proj_B,Proj_B_dep_publish_date,Major_vers_behind,Newest_major,Minor_vers_behind,Newest_minor,Micro_vers_behind,Newest_micro,NOTAG_Major_vers_behind,NOTAG_Newest_major,NOTAG_Minor_vers_behind,NOTAG_Newest_minor,NOTAG_Micro_vers_behind,NOTAG_Newest_micro
1.0,2016-03-07,4.2.4.RELEASE,2015-12-17,0,4.2.5.RELEASE,0,4.2.5.RELEASE,1,4.2.5.RELEASE,0,4.2.5.RELEASE,0,4.2.5.RELEASE,1,4.2.5.RELEASE
1.0.1,2016-03-24,4.2.4.RELEASE,2015-12-17,0,4.2.5.RELEASE,0,4.2.5.RELEASE,1,4.2.5.RELEASE,0,4.2.5.RELEASE,0,4.2.5.RELEASE,1,4.2.5.RELEASE
1.0.2,2016-04-06,4.2.4.RELEASE,2015-12-17,0,4.2.5.RELEASE,0,4.2.5.RELEASE,1,4.2.5.RELEASE,0,4.2.5.RELEASE,0,4.2.5.RELEASE,1,4.2.5.RELEASE
1.0.3,2016-04-08,4.2.4.RELEASE,2015-12-17,0,4.2.5.RELEASE,0,4.2.5.RELEASE,1,4.2.5.RELEASE,0,4.2.5.RELEASE,0,4.2.5.RELEASE,1,4.2.5.RELEASE
1.0.4,2016-04-13,4.2.4.RELEASE,2015-12-17,0,4.2.5.RELEASE,0,4.2.5.RELEASE,1,4.2.5.RELEASE,0,4.2.5.RELEASE,0,4.2.5.RELEASE,1,4.2.5.RELEASE
1.0.5,2016-04-21,4.2.4.RELEASE,2015-12-17,0,4.2.5.RELEASE,0,4.2.5.RELEASE,1,4.2.5.RELEASE,0,4.2.5.RELEASE,0,4.2.5.RELEASE,1,4.2.5.RELEASE
1.1.0,2016-04-28,4.2.4.RELEASE,2015-12-17,0,4.2.5.RELEASE,0,4.2.5.RELEASE,1,4.2.5.RELEASE,0,4.2.5.RELEASE,0,4.2.5.RELEASE,1,4.2.5.RELEASE
1.1.1,2016-05-31,4.2.4.RELEASE,2015-12-17,0,4.2.6.RELEASE,0,4.2.6.RELEASE,2,4.2.6.RELEASE,0,4.2.6.RELEASE,0,4.2.6.RELEASE,2,4.2.6.RELEASE
1.1.2,2016-05-31,4.2.4.RELEASE,2015-12-17,0,4.2.6.RELEASE,0,4.2.6.RELEASE,2,4.2.6.RELEASE,0,4.2.6.RELEASE,0,4.2.6.RELEASE,2,4.2.6.RELEASE
1.1.3,2016-06-01,4.2.4.RELEASE,2015-12-17,0,4.2.6.RELEASE,0,4.2.6.RELEASE,2,4.2.6.RELEASE,0,4.2.6.RELEASE,0,4.2.6.RELEASE,2,4.2.6.RELEASE
1.1.4,2016-06-01,4.2.4.RELEASE,2015-12-17,0,4.2.6.RELEASE,0,4.2.6.RELEASE,2,4.2.6.RELEASE,0,4.2.6.RELEASE,0,4.2.6.RELEASE,2,4.2.6.RELEASE
1.1.5,2016-06-02,4.2.4.RELEASE,2015-12-17,0,4.2.6.RELEASE,0,4.2.6.RELEASE,2,4.2.6.RELEASE,0,4.2.6.RELEASE,0,4.2.6.RELEASE,2,4.2.6.RELEASE
1.1.6,2016-06-03,4.2.6.RELEASE,2016-05-06,0,4.2.6.RELEASE,0,4.2.6.RELEASE,0,4.2.6.RELEASE,0,4.2.6.RELEASE,0,4.2.6.RELEASE,0,4.2.6.RELEASE
1.1.7,2016-06-03,4.2.6.RELEASE,2016-05-06,0,4.2.6.RELEASE,0,4.2.6.RELEASE,0,4.2.6.RELEASE,0,4.2.6.RELEASE,0,4.2.6.RELEASE,0,4.2.6.RELEASE
1.1.8,2016-06-08,4.2.6.RELEASE,2016-05-06,0,4.2.6.RELEASE,0,4.2.6.RELEASE,0,4.2.6.RELEASE,0,4.2.6.RELEASE,0,4.2.6.RELEASE,0,4.2.6.RELEASE
1.1.9,2016-06-09,4.2.6.RELEASE,2016-05-06,0,4.2.6.RELEASE,0,4.2.6.RELEASE,0,4.2.6.RELEASE,0,4.2.6.RELEASE,0,4.2.6.RELEASE,0,4.2.6.RELEASE
1.1.10,2016-07-07,4.2.6.RELEASE,2016-05-06,0,4.3.1.RELEASE,1,4.3.1.RELEASE,1,4.2.7.RELEASE,0,4.3.1.RELEASE,1,4.3.1.RELEASE,1,4.2.7.RELEASE
1.1.11,2016-07-21,4.2.6.RELEASE,2016-05-06,0,4.3.1.RELEASE,1,4.3.1.RELEASE,1,4.2.7.RELEASE,0,4.3.1.RELEASE,1,4.3.1.RELEASE,1,4.2.7.RELEASE
1.1.12,2016-07-27,4.2.6.RELEASE,2016-05-06,0,4.3.1.RELEASE,1,4.3.1.RELEASE,1,4.2.7.RELEASE,0,4.3.1.RELEASE,1,4.3.1.RELEASE,1,4.2.7.RELEASE
1.1.13,2016-08-04,4.2.6.RELEASE,2016-05-06,0,4.3.2.RELEASE,1,4.3.2.RELEASE,1,4.2.7.RELEASE,0,4.3.2.RELEASE,1,4.3.2.RELEASE,1,4.2.7.RELEASE
1.1.14,2016-08-17,4.2.6.RELEASE,2016-05-06,0,4.3.2.RELEASE,1,4.3.2.RELEASE,1,4.2.7.RELEASE,0,4.3.2.RELEASE,1,4.3.2.RELEASE,1,4.2.7.RELEASE
1.1.15,2016-08-19,4.2.6.RELEASE,2016-05-06,0,4.3.2.RELEASE,1,4.3.2.RELEASE,1,4.2.7.RELEASE,0,4.3.2.RELEASE,1,4.3.2.RELEASE,1,4.2.7.RELEASE
1.1.16,2016-09-01,4.2.6.RELEASE,2016-05-06,0,4.3.2.RELEASE,1,4.3.2.RELEASE,1,4.2.7.RELEASE,0,4.3.2.RELEASE,1,4.3.2.RELEASE,1,4.2.7.RELEASE
1.1.17,2016-09-06,4.2.6.RELEASE,2016-05-06,0,4.3.2.RELEASE,1,4.3.2.RELEASE,1,4.2.7.RELEASE,0,4.3.2.RELEASE,1,4.3.2.RELEASE,1,4.2.7.RELEASE
1.1.18,2016-09-08,4.2.6.RELEASE,2016-05-06,0,4.3.2.RELEASE,1,4.3.2.RELEASE,1,4.2.7.RELEASE,0,4.3.2.RELEASE,1,4.3.2.RELEASE,1,4.2.7.RELEASE
1.1.19,2016-09-19,4.2.6.RELEASE,2016-05-06,0,4.3.3.RELEASE,1,4.3.3.RELEASE,2,4.2.8.RELEASE,0,4.3.3.RELEASE,1,4.3.3.RELEASE,2,4.2.8.RELEASE
1.1.20,2016-09-22,4.2.6.RELEASE,2016-05-06,0,4.3.3.RELEASE,1,4.3.3.RELEASE,2,4.2.8.RELEASE,0,4.3.3.RELEASE,1,4.3.3.RELEASE,2,4.2.8.RELEASE
1.1.21,2016-10-12,4.2.6.RELEASE,2016-05-06,0,4.3.3.RELEASE,1,4.3.3.RELEASE,2,4.2.8.RELEASE,0,4.3.3.RELEASE,1,4.3.3.RELEASE,2,4.2.8.RELEASE
1.1.22,2016-10-12,4.2.6.RELEASE,2016-05-06,0,4.3.3.RELEASE,1,4.3.3.RELEASE,2,4.2.8.RELEASE,0,4.3.3.RELEASE,1,4.3.3.RELEASE,2,4.2.8.RELEASE
1.1.23,2016-10-25,4.2.6.RELEASE,2016-05-06,0,4.3.3.RELEASE,1,4.3.3.RELEASE,2,4.2.8.RELEASE,0,4.3.3.RELEASE,1,4.3.3.RELEASE,2,4.2.8.RELEASE
1.1.24,2016-11-03,4.2.6.RELEASE,2016-05-06,0,4.3.3.RELEASE,1,4.3.3.RELEASE,2,4.2.8.RELEASE,0,4.3.3.RELEASE,1,4.3.3.RELEASE,2,4.2.8.RELEASE
1.1.25,2016-11-03,4.2.6.RELEASE,2016-05-06,0,4.3.3.RELEASE,1,4.3.3.RELEASE,2,4.2.8.RELEASE,0,4.3.3.RELEASE,1,4.3.3.RELEASE,2,4.2.8.RELEASE
1.1.26,2016-11-07,4.2.6.RELEASE,2016-05-06,0,4.3.3.RELEASE,1,4.3.3.RELEASE,2,4.2.8.RELEASE,0,4.3.3.RELEASE,1,4.3.3.RELEASE,2,4.2.8.RELEASE
1.2.0,2016-12-06,4.2.6.RELEASE,2016-05-06,0,4.3.4.RELEASE,1,4.3.4.RELEASE,2,4.2.8.RELEASE,0,4.3.4.RELEASE,1,4.3.4.RELEASE,2,4.2.8.RELEASE
1.2.1,2016-12-12,4.2.6.RELEASE,2016-05-06,0,4.3.4.RELEASE,1,4.3.4.RELEASE,2,4.2.8.RELEASE,0,4.3.4.RELEASE,1,4.3.4.RELEASE,2,4.2.8.RELEASE
1.2.2,2016-12-30,4.2.6.RELEASE,2016-05-06,0,4.3.5.RELEASE,1,4.3.5.RELEASE,3,4.2.9.RELEASE,0,4.3.5.RELEASE,1,4.3.5.RELEASE,3,4.2.9.RELEASE
1.2.3,2017-01-10,4.2.6.RELEASE,2016-05-06,0,4.3.5.RELEASE,1,4.3.5.RELEASE,3,4.2.9.RELEASE,0,4.3.5.RELEASE,1,4.3.5.RELEASE,3,4.2.9.RELEASE
1.2.4,2017-01-25,4.2.6.RELEASE,2016-05-06,0,4.3.6.RELEASE,1,4.3.6.RELEASE,3,4.2.9.RELEASE,0,4.3.6.RELEASE,1,4.3.6.RELEASE,3,4.2.9.RELEASE
1.2.4.1,2017-01-26,4.2.6.RELEASE,2016-05-06,0,4.3.6.RELEASE,1,4.3.6.RELEASE,3,4.2.9.RELEASE,0,4.3.6.RELEASE,1,4.3.6.RELEASE,3,4.2.9.RELEASE
1.2.4.2,2017-02-23,4.2.6.RELEASE,2016-05-06,0,4.3.6.RELEASE,1,4.3.6.RELEASE,3,4.2.9.RELEASE,0,4.3.6.RELEASE,1,4.3.6.RELEASE,3,4.2.9.RELEASE
1.2.4.3,2017-03-01,4.2.6.RELEASE,2016-05-06,0,4.3.7.RELEASE,1,4.3.7.RELEASE,3,4.2.9.RELEASE,0,4.3.7.RELEASE,1,4.3.7.RELEASE,3,4.2.9.RELEASE
1.2.5,2017-03-21,4.2.6.RELEASE,2016-05-06,0,4.3.7.RELEASE,1,4.3.7.RELEASE,3,4.2.9.RELEASE,0,4.3.7.RELEASE,1,4.3.7.RELEASE,3,4.2.9.RELEASE
1.2.6,2017-03-30,4.2.6.RELEASE,2016-05-06,0,4.3.7.RELEASE,1,4.3.7.RELEASE,3,4.2.9.RELEASE,0,4.3.7.RELEASE,1,4.3.7.RELEASE,3,4.2.9.RELEASE
1.2.7,2017-04-11,4.2.6.RELEASE,2016-05-06,0,4.3.7.RELEASE,1,4.3.7.RELEASE,3,4.2.9.RELEASE,0,4.3.7.RELEASE,1,4.3.7.RELEASE,3,4.2.9.RELEASE
1.2.8,2017-04-20,4.2.6.RELEASE,2016-05-06,0,4.3.8.RELEASE,1,4.3.8.RELEASE,3,4.2.9.RELEASE,0,4.3.8.RELEASE,1,4.3.8.RELEASE,3,4.2.9.RELEASE
1.2.9,2017-04-27,4.2.6.RELEASE,2016-05-06,0,4.3.8.RELEASE,1,4.3.8.RELEASE,3,4.2.9.RELEASE,0,4.3.8.RELEASE,1,4.3.8.RELEASE,3,4.2.9.RELEASE
1.2.10,2017-05-08,4.2.6.RELEASE,2016-05-06,0,4.3.8.RELEASE,1,4.3.8.RELEASE,3,4.2.9.RELEASE,0,4.3.8.RELEASE,1,4.3.8.RELEASE,3,4.2.9.RELEASE
1.2.11,2017-06-26,4.2.6.RELEASE,2016-05-06,0,4.3.9.RELEASE,1,4.3.9.RELEASE,3,4.2.9.RELEASE,0,4.3.9.RELEASE,1,4.3.9.RELEASE,3,4.2.9.RELEASE
1.2.12,2017-07-10,4.2.6.RELEASE,2016-05-06,0,4.3.9.RELEASE,1,4.3.9.RELEASE,3,4.2.9.RELEASE,0,4.3.9.RELEASE,1,4.3.9.RELEASE,3,4.2.9.RELEASE
1.2.13,2017-07-14,4.2.6.RELEASE,2016-05-06,0,4.3.9.RELEASE,1,4.3.9.RELEASE,3,4.2.9.RELEASE,0,4.3.9.RELEASE,1,4.3.9.RELEASE,3,4.2.9.RELEASE
1.2.14,2017-08-02,4.2.6.RELEASE,2016-05-06,0,4.3.10.RELEASE,1,4.3.10.RELEASE,3,4.2.9.RELEASE,0,4.3.10.RELEASE,1,4.3.10.RELEASE,3,4.2.9.RELEASE
1.2.15,2017-09-26,4.2.6.RELEASE,2016-05-06,0,4.3.11.RELEASE,1,4.3.11.RELEASE,3,4.2.9.RELEASE,0,4.3.11.RELEASE,1,4.3.11.RELEASE,3,4.2.9.RELEASE
1.2.16,2017-11-14,4.2.6.RELEASE,2016-05-06,0,4.3.11.RELEASE,1,4.3.11.RELEASE,3,4.2.9.RELEASE,0,4.3.11.RELEASE,1,4.3.11.RELEASE,3,4.2.9.RELEASE
1.2.17,2017-11-15,4.2.6.RELEASE,2016-05-06,0,4.3.11.RELEASE,1,4.3.11.RELEASE,3,4.2.9.RELEASE,0,4.3.11.RELEASE,1,4.3.11.RELEASE,3,4.2.9.RELEASE
1.2.18,2017-11-16,4.2.6.RELEASE,2016-05-06,0,4.3.11.RELEASE,1,4.3.11.RELEASE,3,4.2.9.RELEASE,0,4.3.11.RELEASE,1,4.3.11.RELEASE,3,4.2.9.RELEASE
1.2.19,2017-11-20,4.2.6.RELEASE,2016-05-06,0,4.3.11.RELEASE,1,4.3.11.RELEASE,3,4.2.9.RELEASE,0,4.3.11.RELEASE,1,4.3.11.RELEASE,3,4.2.9.RELEASE
1.2.20,2017-11-22,4.2.6.RELEASE,2016-05-06,0,4.3.11.RELEASE,1,4.3.11.RELEASE,3,4.2.9.RELEASE,0,4.3.11.RELEASE,1,4.3.11.RELEASE,3,4.2.9.RELEASE
1.2.21,2017-11-27,4.2.6.RELEASE,2016-05-06,0,4.3.11.RELEASE,1,4.3.11.RELEASE,3,4.2.9.RELEASE,0,4.3.11.RELEASE,1,4.3.11.RELEASE,3,4.2.9.RELEASE
1.2.22,2017-11-28,4.2.6.RELEASE,2016-05-06,0,4.3.11.RELEASE,1,4.3.11.RELEASE,3,4.2.9.RELEASE,0,4.3.11.RELEASE,1,4.3.11.RELEASE,3,4.2.9.RELEASE
1.2.23,2017-12-05,4.2.6.RELEASE,2016-05-06,0,4.3.11.RELEASE,1,4.3.11.RELEASE,3,4.2.9.RELEASE,0,4.3.11.RELEASE,1,4.3.11.RELEASE,3,4.2.9.RELEASE
1.2.24,2017-12-14,4.2.6.RELEASE,2016-05-06,0,4.3.11.RELEASE,1,4.3.11.RELEASE,3,4.2.9.RELEASE,0,4.3.11.RELEASE,1,4.3.11.RELEASE,3,4.2.9.RELEASE
1.2.25,2018-01-26,4.2.6.RELEASE,2016-05-06,0,4.3.11.RELEASE,1,4.3.11.RELEASE,3,4.2.9.RELEASE,0,4.3.11.RELEASE,1,4.3.11.RELEASE,3,4.2.9.RELEASE
1.2.26,2018-01-26,4.2.6.RELEASE,2016-05-06,0,4.3.11.RELEASE,1,4.3.11.RELEASE,3,4.2.9.RELEASE,0,4.3.11.RELEASE,1,4.3.11.RELEASE,3,4.2.9.RELEASE
1.2.27,2018-01-29,4.2.6.RELEASE,2016-05-06,0,4.3.11.RELEASE,1,4.3.11.RELEASE,3,4.2.9.RELEASE,0,4.3.11.RELEASE,1,4.3.11.RELEASE,3,4.2.9.RELEASE
1.2.28,2018-02-14,4.2.6.RELEASE,2016-05-06,0,4.3.11.RELEASE,1,4.3.11.RELEASE,3,4.2.9.RELEASE,0,4.3.11.RELEASE,1,4.3.11.RELEASE,3,4.2.9.RELEASE



ProjBVersion,ProjBDate
1.2.1,2005-12-23
1.2.2,2005-12-23
1.2.3,2005-12-23
1.2.4,2005-12-23
1.2.5,2005-12-23
3.2.0.RELEASE,2012-12-13
3.2.1.RELEASE,2013-01-24
3.2.2.RELEASE,2013-03-13
3.2.3.RELEASE,2013-05-20
3.2.4.RELEASE,2013-08-06
3.2.5.RELEASE,2013-11-06
4.0.0.RELEASE,2013-12-12
3.2.6.RELEASE,2013-12-12
4.0.1.RELEASE,2014-01-28
3.2.7.RELEASE,2014-01-28
4.0.2.RELEASE,2014-02-19
3.2.8.RELEASE,2014-02-19
4.0.3.RELEASE,2014-03-27
4.0.4.RELEASE,2014-04-30
3.2.9.RELEASE,2014-05-20
4.0.5.RELEASE,2014-05-20
4.0.6.RELEASE,2014-07-08
3.2.10.RELEASE,2014-07-15
4.0.7.RELEASE,2014-09-04
4.1.0.RELEASE,2014-09-04
3.2.11.RELEASE,2014-09-04
4.1.1.RELEASE,2014-10-01
4.0.8.RELEASE,2014-11-11
4.1.2.RELEASE,2014-11-11
3.2.12.RELEASE,2014-11-11
4.1.3.RELEASE,2014-12-09
4.1.4.RELEASE,2014-12-30
4.0.9.RELEASE,2014-12-30
3.2.13.RELEASE,2014-12-30
4.1.5.RELEASE,2015-02-20
4.1.6.RELEASE,2015-03-25
4.1.7.RELEASE,2015-06-30
3.2.14.RELEASE,2015-06-30
4.2.0.RELEASE,2015-07-31
4.2.1.RELEASE,2015-09-01
3.2.15.RELEASE,2015-10-15
4.1.8.RELEASE,2015-10-15
4.2.2.RELEASE,2015-10-15
4.2.3.RELEASE,2015-11-15
4.1.9.RELEASE,2015-12-17
4.2.4.RELEASE,2015-12-17
3.2.16.RELEASE,2015-12-17
4.2.5.RELEASE,2016-02-25
4.2.6.RELEASE,2016-05-06
3.2.17.RELEASE,2016-05-06
4.3.0.RELEASE,2016-06-10
4.3.1.RELEASE,2016-07-04
4.2.7.RELEASE,2016-07-04
4.3.2.RELEASE,2016-07-28
4.2.8.RELEASE,2016-09-19
4.3.3.RELEASE,2016-09-19
4.3.4.RELEASE,2016-11-07
4.3.5.RELEASE,2016-12-21
4.2.9.RELEASE,2016-12-21
3.2.18.RELEASE,2016-12-21
4.3.6.RELEASE,2017-01-25
4.3.7.RELEASE,2017-03-01
4.3.8.RELEASE,2017-04-18
4.3.9.RELEASE,2017-06-07
4.3.10.RELEASE,2017-07-20
4.3.11.RELEASE,2017-09-11
