Proj_A_version,Proj_A_version_date,Proj_A_dep_declaration_to_Proj_B,Proj_B_dep_publish_date,Major_vers_behind,Newest_major,Minor_vers_behind,Newest_minor,Micro_vers_behind,Newest_micro,NOTAG_Major_vers_behind,NOTAG_Newest_major,NOTAG_Minor_vers_behind,NOTAG_Newest_minor,NOTAG_Micro_vers_behind,NOTAG_Newest_micro
0.1.18,2012-02-07,,,,,,,,,,,,,,
0.1.19,2012-03-14,,,,,,,,,,,,,,
0.2,2012-03-21,,,,,,,,,,,,,,
0.2.1,2012-04-17,,,,,,,,,,,,,,
0.2.2,2012-05-10,,,,,,,,,,,,,,
0.2.3,2012-06-07,,,,,,,,,,,,,,
0.2.4,2012-07-11,,,,,,,,,,,,,,
0.2.5,2012-08-02,,,,,,,,,,,,,,
0.2.6,2012-09-03,,,,,,,,,,,,,,
0.2.7,2012-10-11,,,,,,,,,,,,,,
0.2.8,2012-11-01,,,,,,,,,,,,,,
0.2.9,2012-11-28,,,,,,,,,,,,,,
0.2.10,2012-12-24,,,,,,,,,,,,,,
0.2.11,2013-01-17,,,,,,,,,,,,,,
0.2.12,2013-03-12,,,,,,,,,,,,,,
0.2.13,2013-03-15,,,,,,,,,,,,,,
0.2.14,2013-03-26,,,,,,,,,,,,,,
0.2.15,2013-03-27,,,,,,,,,,,,,,
0.2.16,2013-04-07,,,,,,,,,,,,,,
0.2.17,2013-05-01,,,,,,,,,,,,,,
0.2.18,2013-05-12,,,,,,,,,,,,,,
0.2.19,2013-05-19,,,,,,,,,,,,,,
0.2.20,2013-05-26,,,,,,,,,,,,,,
0.2.21,2013-06-19,,,,,,,,,,,,,,
0.2.22,2013-07-03,,,,,,,,,,,,,,
0.2.23,2013-07-16,,,,,,,,,,,,,,
0.2.24,2013-08-05,,,,,,,,,,,,,,
0.2.25,2013-08-08,,,,,,,,,,,,,,
0.2.26,2013-09-05,3.2.3.RELEASE,2013-05-20,0,3.2.4.RELEASE,0,3.2.4.RELEASE,1,3.2.4.RELEASE,0,3.2.4.RELEASE,0,3.2.4.RELEASE,1,3.2.4.RELEASE
1.0.0,2013-10-22,3.2.3.RELEASE,2013-05-20,0,3.2.4.RELEASE,0,3.2.4.RELEASE,1,3.2.4.RELEASE,0,3.2.4.RELEASE,0,3.2.4.RELEASE,1,3.2.4.RELEASE
1.0.1,2013-11-26,3.2.3.RELEASE,2013-05-20,0,3.2.5.RELEASE,0,3.2.5.RELEASE,2,3.2.5.RELEASE,0,3.2.5.RELEASE,0,3.2.5.RELEASE,2,3.2.5.RELEASE
1.0.2,2014-01-14,3.2.3.RELEASE,2013-05-20,1,4.0.0.RELEASE,0,3.2.6.RELEASE,3,3.2.6.RELEASE,1,4.0.0.RELEASE,0,3.2.6.RELEASE,3,3.2.6.RELEASE
1.0.3,2014-02-26,3.2.3.RELEASE,2013-05-20,1,4.0.2.RELEASE,0,3.2.8.RELEASE,5,3.2.8.RELEASE,1,4.0.2.RELEASE,0,3.2.8.RELEASE,5,3.2.8.RELEASE
1.0.4,2014-03-14,3.2.3.RELEASE,2013-05-20,1,4.0.2.RELEASE,0,3.2.8.RELEASE,5,3.2.8.RELEASE,1,4.0.2.RELEASE,0,3.2.8.RELEASE,5,3.2.8.RELEASE
1.0.5,2014-04-25,3.2.3.RELEASE,2013-05-20,1,4.0.3.RELEASE,0,3.2.8.RELEASE,5,3.2.8.RELEASE,1,4.0.3.RELEASE,0,3.2.8.RELEASE,5,3.2.8.RELEASE
1.0.6,2014-06-13,3.2.3.RELEASE,2013-05-20,1,4.0.5.RELEASE,0,3.2.9.RELEASE,6,3.2.9.RELEASE,1,4.0.5.RELEASE,0,3.2.9.RELEASE,6,3.2.9.RELEASE
1.0.7,2014-07-11,3.2.3.RELEASE,2013-05-20,1,4.0.6.RELEASE,0,3.2.9.RELEASE,6,3.2.9.RELEASE,1,4.0.6.RELEASE,0,3.2.9.RELEASE,6,3.2.9.RELEASE
1.0.8,2014-08-19,3.2.3.RELEASE,2013-05-20,1,4.0.6.RELEASE,0,3.2.10.RELEASE,7,3.2.10.RELEASE,1,4.0.6.RELEASE,0,3.2.10.RELEASE,7,3.2.10.RELEASE
1.0.9,2014-09-05,3.2.3.RELEASE,2013-05-20,1,4.1.0.RELEASE,0,3.2.11.RELEASE,8,3.2.11.RELEASE,1,4.1.0.RELEASE,0,3.2.11.RELEASE,8,3.2.11.RELEASE
1.0.10,2014-11-11,3.2.3.RELEASE,2013-05-20,1,4.1.1.RELEASE,0,3.2.11.RELEASE,8,3.2.11.RELEASE,1,4.1.1.RELEASE,0,3.2.11.RELEASE,8,3.2.11.RELEASE
1.0.11,2014-11-23,3.2.3.RELEASE,2013-05-20,1,4.1.2.RELEASE,0,3.2.12.RELEASE,9,3.2.12.RELEASE,1,4.1.2.RELEASE,0,3.2.12.RELEASE,9,3.2.12.RELEASE
1.0.12,2014-12-21,3.2.3.RELEASE,2013-05-20,1,4.1.3.RELEASE,0,3.2.12.RELEASE,9,3.2.12.RELEASE,1,4.1.3.RELEASE,0,3.2.12.RELEASE,9,3.2.12.RELEASE
1.0.13,2015-02-08,3.2.3.RELEASE,2013-05-20,1,4.1.4.RELEASE,0,3.2.13.RELEASE,10,3.2.13.RELEASE,1,4.1.4.RELEASE,0,3.2.13.RELEASE,10,3.2.13.RELEASE
1.0.14,2015-04-23,3.2.3.RELEASE,2013-05-20,1,4.1.6.RELEASE,0,3.2.13.RELEASE,10,3.2.13.RELEASE,1,4.1.6.RELEASE,0,3.2.13.RELEASE,10,3.2.13.RELEASE
1.0.15,2015-06-30,3.2.3.RELEASE,2013-05-20,1,4.1.6.RELEASE,0,3.2.13.RELEASE,10,3.2.13.RELEASE,1,4.1.6.RELEASE,0,3.2.13.RELEASE,10,3.2.13.RELEASE
1.0.16,2015-10-10,3.2.3.RELEASE,2013-05-20,1,4.2.1.RELEASE,0,3.2.14.RELEASE,11,3.2.14.RELEASE,1,4.2.1.RELEASE,0,3.2.14.RELEASE,11,3.2.14.RELEASE
1.0.17,2016-02-16,3.2.3.RELEASE,2013-05-20,1,4.2.4.RELEASE,0,3.2.16.RELEASE,13,3.2.16.RELEASE,1,4.2.4.RELEASE,0,3.2.16.RELEASE,13,3.2.16.RELEASE
1.0.18,2016-03-13,4.2.5.RELEASE,2016-02-25,0,4.2.5.RELEASE,0,4.2.5.RELEASE,0,4.2.5.RELEASE,0,4.2.5.RELEASE,0,4.2.5.RELEASE,0,4.2.5.RELEASE
1.0.19,2016-05-07,4.2.5.RELEASE,2016-02-25,0,4.2.6.RELEASE,0,4.2.6.RELEASE,1,4.2.6.RELEASE,0,4.2.6.RELEASE,0,4.2.6.RELEASE,1,4.2.6.RELEASE
1.0.20,2016-05-21,4.2.5.RELEASE,2016-02-25,0,4.2.6.RELEASE,0,4.2.6.RELEASE,1,4.2.6.RELEASE,0,4.2.6.RELEASE,0,4.2.6.RELEASE,1,4.2.6.RELEASE
1.0.21,2016-06-29,4.2.5.RELEASE,2016-02-25,0,4.3.0.RELEASE,1,4.3.0.RELEASE,1,4.2.6.RELEASE,0,4.3.0.RELEASE,1,4.3.0.RELEASE,1,4.2.6.RELEASE
1.0.22,2016-07-10,4.2.5.RELEASE,2016-02-25,0,4.3.1.RELEASE,1,4.3.1.RELEASE,2,4.2.7.RELEASE,0,4.3.1.RELEASE,1,4.3.1.RELEASE,2,4.2.7.RELEASE
1.0.23,2016-07-16,4.2.5.RELEASE,2016-02-25,0,4.3.1.RELEASE,1,4.3.1.RELEASE,2,4.2.7.RELEASE,0,4.3.1.RELEASE,1,4.3.1.RELEASE,2,4.2.7.RELEASE
1.0.24,2016-08-07,4.2.5.RELEASE,2016-02-25,0,4.3.2.RELEASE,1,4.3.2.RELEASE,2,4.2.7.RELEASE,0,4.3.2.RELEASE,1,4.3.2.RELEASE,2,4.2.7.RELEASE
1.0.25,2016-08-21,4.2.5.RELEASE,2016-02-25,0,4.3.2.RELEASE,1,4.3.2.RELEASE,2,4.2.7.RELEASE,0,4.3.2.RELEASE,1,4.3.2.RELEASE,2,4.2.7.RELEASE
1.0.26,2016-09-19,4.2.5.RELEASE,2016-02-25,0,4.3.2.RELEASE,1,4.3.2.RELEASE,2,4.2.7.RELEASE,0,4.3.2.RELEASE,1,4.3.2.RELEASE,2,4.2.7.RELEASE
1.0.27,2016-11-26,4.2.5.RELEASE,2016-02-25,0,4.3.4.RELEASE,1,4.3.4.RELEASE,3,4.2.8.RELEASE,0,4.3.4.RELEASE,1,4.3.4.RELEASE,3,4.2.8.RELEASE
1.0.28,2017-02-05,4.2.5.RELEASE,2016-02-25,0,4.3.6.RELEASE,1,4.3.6.RELEASE,4,4.2.9.RELEASE,0,4.3.6.RELEASE,1,4.3.6.RELEASE,4,4.2.9.RELEASE
1.0.29,2017-03-14,4.2.5.RELEASE,2016-02-25,0,4.3.7.RELEASE,1,4.3.7.RELEASE,4,4.2.9.RELEASE,0,4.3.7.RELEASE,1,4.3.7.RELEASE,4,4.2.9.RELEASE
1.0.30,2017-05-14,4.2.5.RELEASE,2016-02-25,0,4.3.8.RELEASE,1,4.3.8.RELEASE,4,4.2.9.RELEASE,0,4.3.8.RELEASE,1,4.3.8.RELEASE,4,4.2.9.RELEASE
1.0.31,2017-05-14,4.2.5.RELEASE,2016-02-25,0,4.3.8.RELEASE,1,4.3.8.RELEASE,4,4.2.9.RELEASE,0,4.3.8.RELEASE,1,4.3.8.RELEASE,4,4.2.9.RELEASE
1.1.0,2017-06-25,4.2.5.RELEASE,2016-02-25,0,4.3.8.RELEASE,1,4.3.8.RELEASE,4,4.2.9.RELEASE,0,4.3.8.RELEASE,1,4.3.8.RELEASE,4,4.2.9.RELEASE
1.1.1,2017-07-13,4.2.5.RELEASE,2016-02-25,0,4.3.8.RELEASE,1,4.3.8.RELEASE,4,4.2.9.RELEASE,0,4.3.8.RELEASE,1,4.3.8.RELEASE,4,4.2.9.RELEASE
1.1.2,2017-07-23,4.2.5.RELEASE,2016-02-25,0,4.3.8.RELEASE,1,4.3.8.RELEASE,4,4.2.9.RELEASE,0,4.3.8.RELEASE,1,4.3.8.RELEASE,4,4.2.9.RELEASE
1.1.3,2017-09-04,4.2.5.RELEASE,2016-02-25,0,4.3.8.RELEASE,1,4.3.8.RELEASE,4,4.2.9.RELEASE,0,4.3.8.RELEASE,1,4.3.8.RELEASE,4,4.2.9.RELEASE
1.1.4,2017-10-03,4.2.5.RELEASE,2016-02-25,0,4.3.8.RELEASE,1,4.3.8.RELEASE,4,4.2.9.RELEASE,0,4.3.8.RELEASE,1,4.3.8.RELEASE,4,4.2.9.RELEASE
1.0.25.2017102003,2017-10-20,4.2.5.RELEASE,2016-02-25,0,4.3.8.RELEASE,1,4.3.8.RELEASE,4,4.2.9.RELEASE,0,4.3.8.RELEASE,1,4.3.8.RELEASE,4,4.2.9.RELEASE
1.0.25.2017102004,2017-10-23,4.2.5.RELEASE,2016-02-25,0,4.3.8.RELEASE,1,4.3.8.RELEASE,4,4.2.9.RELEASE,0,4.3.8.RELEASE,1,4.3.8.RELEASE,4,4.2.9.RELEASE
1.1.5,2017-10-27,4.2.5.RELEASE,2016-02-25,0,4.3.8.RELEASE,1,4.3.8.RELEASE,4,4.2.9.RELEASE,0,4.3.8.RELEASE,1,4.3.8.RELEASE,4,4.2.9.RELEASE
1.0.25.2017103101,2017-10-31,4.2.5.RELEASE,2016-02-25,0,4.3.8.RELEASE,1,4.3.8.RELEASE,4,4.2.9.RELEASE,0,4.3.8.RELEASE,1,4.3.8.RELEASE,4,4.2.9.RELEASE
1.0.25.2017113001,2017-11-30,4.2.5.RELEASE,2016-02-25,0,4.3.8.RELEASE,1,4.3.8.RELEASE,4,4.2.9.RELEASE,0,4.3.8.RELEASE,1,4.3.8.RELEASE,4,4.2.9.RELEASE
1.0.25.2018021101,2018-02-11,4.2.5.RELEASE,2016-02-25,0,4.3.8.RELEASE,1,4.3.8.RELEASE,4,4.2.9.RELEASE,0,4.3.8.RELEASE,1,4.3.8.RELEASE,4,4.2.9.RELEASE
1.0.25.2018030201,2018-03-02,4.2.5.RELEASE,2016-02-25,0,4.3.8.RELEASE,1,4.3.8.RELEASE,4,4.2.9.RELEASE,0,4.3.8.RELEASE,1,4.3.8.RELEASE,4,4.2.9.RELEASE
1.1.10,2018-05-27,4.2.5.RELEASE,2016-02-25,0,4.3.8.RELEASE,1,4.3.8.RELEASE,4,4.2.9.RELEASE,0,4.3.8.RELEASE,1,4.3.8.RELEASE,4,4.2.9.RELEASE
1.0.25.2018101301,2018-10-13,4.2.5.RELEASE,2016-02-25,0,4.3.8.RELEASE,1,4.3.8.RELEASE,4,4.2.9.RELEASE,0,4.3.8.RELEASE,1,4.3.8.RELEASE,4,4.2.9.RELEASE



ProjBVersion,ProjBDate
1.2.1,2005-12-23
1.2.2,2005-12-23
1.2.3,2005-12-23
1.2.4,2005-12-23
1.2.5,2005-12-23
2.0,2006-10-04
2.0.1,2006-11-25
2.0.2,2007-01-09
1.2.9,2007-03-09
2.0.3,2007-03-09
2.0.4,2007-04-10
2.0.5,2007-05-08
2.0.6,2007-06-19
2.0.7,2007-10-02
2.5,2007-11-20
2.5.1,2008-01-10
2.0.8,2008-01-10
2.5.2,2008-03-06
2.5.3,2008-04-07
2.5.4,2008-04-28
2.5.5,2008-06-23
2.5.6,2008-11-02
2.5.6.SEC01,2009-04-22
2.5.6.SEC02,2010-06-18
2.5.6.SEC03,2011-09-09
3.2.0.RELEASE,2012-12-13
3.2.1.RELEASE,2013-01-24
3.2.2.RELEASE,2013-03-13
3.2.3.RELEASE,2013-05-20
3.2.4.RELEASE,2013-08-06
3.2.5.RELEASE,2013-11-06
4.0.0.RELEASE,2013-12-12
3.2.6.RELEASE,2013-12-12
4.0.1.RELEASE,2014-01-28
3.2.7.RELEASE,2014-01-28
4.0.2.RELEASE,2014-02-19
3.2.8.RELEASE,2014-02-19
4.0.3.RELEASE,2014-03-27
4.0.4.RELEASE,2014-04-30
3.2.9.RELEASE,2014-05-20
4.0.5.RELEASE,2014-05-20
4.0.6.RELEASE,2014-07-08
3.2.10.RELEASE,2014-07-15
4.0.7.RELEASE,2014-09-04
4.1.0.RELEASE,2014-09-04
3.2.11.RELEASE,2014-09-04
4.1.1.RELEASE,2014-10-01
4.0.8.RELEASE,2014-11-11
4.1.2.RELEASE,2014-11-11
3.2.12.RELEASE,2014-11-11
4.1.3.RELEASE,2014-12-09
4.1.4.RELEASE,2014-12-30
4.0.9.RELEASE,2014-12-30
3.2.13.RELEASE,2014-12-30
4.1.5.RELEASE,2015-02-20
4.1.6.RELEASE,2015-03-25
4.1.7.RELEASE,2015-06-30
3.2.14.RELEASE,2015-06-30
4.2.0.RELEASE,2015-07-31
4.2.1.RELEASE,2015-09-01
3.2.15.RELEASE,2015-10-15
4.1.8.RELEASE,2015-10-15
4.2.2.RELEASE,2015-10-15
4.2.3.RELEASE,2015-11-15
4.1.9.RELEASE,2015-12-17
4.2.4.RELEASE,2015-12-17
3.2.16.RELEASE,2015-12-17
4.2.5.RELEASE,2016-02-25
4.2.6.RELEASE,2016-05-06
3.2.17.RELEASE,2016-05-06
4.3.0.RELEASE,2016-06-10
4.3.1.RELEASE,2016-07-04
4.2.7.RELEASE,2016-07-04
4.3.2.RELEASE,2016-07-28
4.2.8.RELEASE,2016-09-19
4.3.3.RELEASE,2016-09-19
4.3.4.RELEASE,2016-11-07
4.3.5.RELEASE,2016-12-21
4.2.9.RELEASE,2016-12-21
3.2.18.RELEASE,2016-12-21
4.3.6.RELEASE,2017-01-25
4.3.7.RELEASE,2017-03-01
4.3.8.RELEASE,2017-04-18
